student_id,bahasa_indonesia,bahasa_inggris,matematika,informatika,ipa,ips,ppkn,penjas,seni,gpa,riasec_r,riasec_i,riasec_a,riasec_s,riasec_e,riasec_c,program_id,program_name
STU_0001,71.1434380109503,62.98692310928764,28.19921579690238,85.30517555355664,82.24667621426991,59.71348802860967,69.43540116570895,69.09111795456994,77.96656198292592,67.34311086853126,26.657438583436956,53.8268262162726,88.34849550640165,87.12618341767832,68.02946239171781,43.69796231386223,52,Pendidikan Tari
STU_0002,84.98954228545388,69.47921024369606,87.70161430640252,90.95125784317136,92.31119777024837,62.89672253964488,69.53529239906837,61.51292867179302,47.54588788654569,74.1026282162249,14.324552127085127,72.28404368214478,52.843771496566404,44.70653787007121,64.26661580546919,75.0041333159581,47,Pendidikan Teknik Informatika
STU_0003,59.06176741321883,75.36233483042949,95.3846657999541,91.7136828118997,83.72786889372935,60.48344456616067,49.30069213485602,61.92218108247408,52.6297796646434,69.95404635526285,74.8380333031448,72.3074688525292,39.870538945238266,20.349876200347733,57.50636314005706,41.483958513442694,60,Teknik Elektro Industri
STU_0004,84.05997356693683,70.51400931874511,81.7652260501504,74.91846710452518,97.09611673363302,62.33401818094017,64.2546336783918,88.51602882580981,45.62867296870915,74.34301626976016,87.68546671462698,71.43337234382119,31.613146591536264,41.98547353655647,65.65298151512029,75.73198796130514,60,Teknik Elektro Industri
STU_0005,100.0,63.034919534124114,66.02042414977198,69.0870386878788,50.71874312112896,95.42491617339421,91.93885739688426,76.24700430380794,64.51816964857093,75.22111922395125,27.546041481814214,59.090355059661775,71.67556240506946,99.5471455667513,92.94521103460168,79.05817502391983,35,Pendidikan Luar Biasa
STU_0006,74.20600923828273,55.72848479083413,68.56728725641476,84.43961934999554,68.85461344744503,77.25957069253496,78.04244040178814,85.4130822698364,68.4192950825748,73.43671139218961,32.05935355022797,69.47504599209648,89.8847969237017,78.51671094774687,85.75956460453135,52.67613579183199,43,Pendidikan Tata Rias Dan Kecantikan
STU_0007,57.60018035334461,68.53161080405033,71.20199676862522,62.768118230897336,71.74200003667588,81.252661138589,100.0,77.2695115668139,77.6057054701187,74.21908715212388,40.29470216241411,42.43782062241458,58.55344332477491,83.13266326615867,70.06136147970953,72.18495439949824,1,Administrasi Pendidikan
STU_0008,82.13882802053675,73.95886464041764,66.1379178936926,92.06921682205889,85.98690562823957,48.014890300335466,94.24427129523812,100.0,97.3177837671611,82.20763092974225,39.106649010805995,59.81448214659878,72.34474636639794,65.9000745537811,80.48898778462971,49.227463390388394,52,Pendidikan Tari
STU_0009,67.43231017764276,75.99963433159942,64.5985127669501,83.8474391251293,97.59907430517693,93.7358941563538,82.10058780314151,71.24798914117694,81.08721425680748,79.73873956266424,30.69596672851667,79.27769027067099,50.37806587980367,100.0,86.86246367053826,76.70790904190284,55,Psikologi
STU_0010,88.47980362907312,77.67345174208671,46.90426637286018,57.612047902761155,81.11860952567827,57.47364505769963,76.5467203946478,90.00582729314526,86.5242086225926,73.59317561561608,25.32551755989632,48.27845324443173,92.40404530858156,89.98728838967894,75.7877898973347,64.03049176343147,52,Pendidikan Tari
STU_0011,84.48962804364689,88.33493705101526,50.10275887970076,90.36083740830748,60.20465484024038,61.77877468210984,38.56706038485911,64.55869035483558,73.93200277488558,68.03659382440009,81.57772698794122,67.22202616564392,56.304541595528626,66.26916376433313,66.04800058855686,57.27933053340766,9,Geografi
STU_0012,74.04206593399633,50.82180520597185,78.28219250506741,90.54408257829076,81.36446040986809,84.35011153098614,77.53144005168794,100.0,63.50024688243115,77.8262672331444,80.40012032480917,84.23972831916952,45.22067426884682,40.09383492867741,66.28642701954412,54.588306920247504,48,Pendidikan Teknik Mesin
STU_0013,80.49765993396075,65.11538344118148,92.06129363099085,56.66924487500481,87.70038640164877,65.81007697464266,66.95560232334367,67.34639712239334,52.25002598584938,70.48956340989064,80.52256972419565,81.04316476973781,63.40725655787804,34.62575842199787,54.86100016261607,67.28718446137427,64,Teknik Mesin
STU_0014,77.99842637729186,74.756713339798,59.99841583037127,79.00902304487596,81.85098336915529,90.0796661612786,89.69942667645374,57.09029821655781,60.870449441188285,74.59482249521898,70.23774683647972,77.56912492956245,20.051134655456146,42.078171110214186,59.62380855674604,54.393710765586405,67,Teknik Sipil
STU_0015,92.3014572636371,88.85843132604934,84.78755389811685,80.29035198668018,52.71151942509977,69.99231606792826,81.98027357731206,61.016995150388844,67.40545786940571,75.48270628495757,53.65338943845023,73.08648989176129,50.28718177359004,80.46296786574871,97.24827594000233,80.08767647288758,26,Pendidikan Ekonomi
STU_0016,84.32187605310725,72.42827546611547,93.1869445771778,86.08598187918169,89.81824857163842,89.95654684172376,59.6506899596285,70.49927734774424,52.22052342795001,77.57426268047412,68.58404709779923,80.04686064171872,37.14772382165186,11.101546561623032,60.11231040200802,58.50457470032039,63,Teknik Listrik
STU_0017,72.30065626606853,66.50671997654175,98.48181360421646,76.07472566441433,53.08674068497432,94.17861947054776,100.0,89.4220483871649,50.72882047664381,77.86446050339687,45.48975113880759,58.62316270239721,71.05984734776548,90.38906233004145,65.59644311533069,60.985985169908616,19,Pariwisata
STU_0018,89.25835130773825,100.0,76.01912052752266,73.7828591816238,77.86913500945764,100.0,81.00996225209505,86.61686013658309,91.16712258061688,86.19149011062638,39.189191125604985,61.83994799058469,36.839129861592724,51.632141495910155,67.75228896602702,78.40896511162838,16,Manajemen Pajak
STU_0019,100.0,48.62285860620747,73.87500866950184,82.23644089078407,77.93388614829045,67.90490624233229,73.29441074535542,68.59098784943518,65.74889340278104,73.13415472829865,75.83762501988022,60.37623683765888,46.362208143014975,67.94556809425256,94.03220179374422,55.14621401407781,2,Agrobisnis
STU_0020,94.06436240199453,98.31551067160173,99.6322384531648,65.38656697922713,79.35919254011101,82.3978334411766,56.143115864152655,77.34640257149412,88.99458133764513,82.40442269561863,65.19522516425229,62.48446327676579,90.91766001982857,75.38378408862405,69.05521979598632,43.39886734620509,68,Teknologi Kosmetik
STU_0021,71.72174287695468,87.33885884115298,66.17240323408392,83.95564595494999,65.93439306567186,70.64286380509947,99.86012931791961,90.78272499056301,67.07954899864785,78.16536789833816,58.63431731007191,54.725785494308674,65.10501576674446,88.1394766716696,80.14575810887871,76.17120900768894,12,Ilmu Komunikasi
STU_0022,73.07549566540622,66.64056943437333,98.01830552155103,68.42925044070577,74.43214515581438,44.27519111578182,73.10612619941679,87.84969448452422,68.5622787743291,72.7098951991003,44.638717858521105,67.71216713431821,53.231811851030464,86.76399891054689,49.854994741410295,71.08087104377994,25,Pendidikan Biologi
STU_0023,66.129546185438,76.42165417357025,97.25365871177098,88.02122031903251,77.39029725700608,85.88873006131743,62.65268033033501,61.18208321075164,62.85198145053248,75.31020574441715,42.029270680346926,81.32133639497806,25.55508878033433,88.84038736651206,81.37210909508431,74.94524605211645,17,Manajemen Perdagangan
STU_0024,80.60647773471678,68.8655921864677,61.10110166716819,59.43869136094172,92.88744935876247,82.40291300516368,77.72345921422067,67.49325854361646,82.65151666410692,74.79671774835161,40.492117453146065,32.23903335780493,72.1891199099497,82.98315052953365,63.42210389579584,59.336963104518304,6,Bahasa Dan Sastra Inggris
STU_0025,70.79615361295838,57.078590953323996,100.0,58.59618226259599,60.305507510488766,80.96445043153089,100.0,48.77558565406151,70.13075137876352,71.8496913115248,55.552691763693424,62.509798160641246,28.770593341080037,53.298955566806875,70.4211773836216,63.94586211429946,8,Ekonomi Pembangunan
STU_0026,74.87662441118903,77.5832570525363,79.90212248958926,39.668295581579734,61.381886538694644,74.58782736684488,75.27869554213024,78.37206101699603,78.232876064643,71.09818289602256,52.4459015793355,54.11666661049713,86.61334573215346,63.5457302930782,56.8318495772001,54.09106638270744,5,Animasi
STU_0027,77.56384321225468,80.68770484276374,85.96260829324446,58.25501071426983,52.52240160970129,92.60979868468061,80.3200821557347,65.26967502476481,95.71612765731533,76.54525024385882,40.0629243966182,55.5637671251769,84.59921434224907,67.47419918816999,57.18855484740887,48.291446179744476,5,Animasi
STU_0028,74.7708667448526,94.35758726049824,84.04520269568182,65.92889542519414,64.86537042063401,57.22952275481319,93.77640429576354,88.63276272295384,83.62922178958146,78.58175934555254,51.3880956115143,52.0396748348877,93.83894223714147,87.31895815862494,81.99305759009782,47.75540103285414,50,Pendidikan Vokasional Seni Kuliner
STU_0029,75.66395685747024,93.45574870806868,77.3717930810227,80.2054784661276,47.15258694292359,92.47098248691103,79.88264488389139,61.540927443322516,89.85094111613274,77.51056222065228,15.649229738872137,73.53564166356365,81.84109944913648,81.4177114809752,97.87088684312393,52.7312278511659,52,Pendidikan Tari
STU_0030,94.55142320501238,72.14273953664457,77.56069773276766,56.515878106040944,56.10690751606484,80.82266604049987,67.57709213096751,67.80255903048663,63.62546528893382,70.74504762082425,10.249691913059007,59.39917895316218,53.72144256407174,78.83359699195968,47.28943773733258,69.24785083272194,23,Pendidikan Bahasa Indonesia
STU_0031,74.4937979606549,70.49889643790638,93.99691222585207,80.8280661363084,92.45600241362061,52.51450633507656,94.93021213403313,77.53471703681019,68.40350352651261,78.40629046741942,67.49714179735732,81.71668307795238,53.571035603938796,32.63333994975771,40.28736394962277,65.49998320550459,45,Pendidikan Teknik Elektro
STU_0032,87.03463635867223,74.43649254715697,48.666194356034886,54.65483385211957,51.77677994578407,100.0,90.5796770833934,74.89635566288398,95.75932966668032,75.31158883030282,25.58585727424037,91.94656970146285,78.43489893721492,83.4649889022308,48.53351471279489,50.722644156909126,23,Pendidikan Bahasa Indonesia
STU_0033,53.60236724627231,77.7402147642355,62.12959504728054,74.72082548912942,81.82909591713126,49.11736937671707,88.64321410713089,72.42168197186918,67.60949493754354,69.75709542858996,80.01372676649876,100.0,20.909183743646715,62.80947406681702,58.53745118233792,66.5274646344077,34,Pendidikan Kimia
STU_0034,100.0,71.8304913449286,87.93479922570981,86.32756609033896,57.77823808014554,100.0,83.19146323225318,70.01138308329733,70.07761943582663,80.79461783250001,55.894463366909136,86.54197467966756,34.105908241625926,56.79608156622827,84.98181811326316,69.0460612960657,4,Akuntansi
STU_0035,61.19741338783757,77.98561203503083,63.26128626547599,73.9135965074751,70.92488945163845,74.76181480510945,96.17246974196338,82.03871586815704,64.1636123538042,73.82437893516578,47.62444437558422,75.72193713188932,24.245038883890253,84.90056751582813,100.0,61.660728515551,11,Ilmu Hukum
STU_0036,85.05256464648234,80.70962147150998,82.65691098028844,65.96744679568569,64.46958015601226,85.65074391136854,79.16493463909853,85.66319461332132,50.09811982121362,75.4925685594423,88.06030137592985,73.89912854127496,40.0979137995336,67.20214187705282,59.23789147867199,66.38300270662614,9,Geografi
STU_0037,59.036976759077675,75.2086944423711,68.41232000954747,82.3465746361751,85.38616229722817,85.95620445889392,72.26702463890217,79.73023639591587,74.31272132168807,75.85076832886662,46.99852878710586,75.6126291979476,51.88304375419153,58.23604110848933,97.61911648806,59.877460453054354,18,Manajemen Perhotelan
STU_0038,79.22686762190438,68.02830830597682,64.10217882749292,85.62470143161944,62.01482643727586,76.9303610838521,69.79045319205349,81.2267377347031,78.67126947401728,73.95730045654393,46.8272400936357,74.06195688993297,55.01654503319038,92.59338239327542,97.24831429365275,72.18239506070194,42,Pendidikan Sosiologi
STU_0039,42.551893862003524,68.98800288041716,94.62613988576716,100.0,84.05337967552357,96.37872747142659,60.688787960599406,66.1565993664792,50.487570051974934,73.77012235046573,18.06236510751229,73.10970476052897,82.08637937311767,73.7963426888449,100.0,82.18688725587984,38,Pendidikan Pancasila Dan Kewarganegaraan
STU_0040,86.06910022674111,66.81166860692983,67.06449354245657,67.39016810121855,62.94577829905835,73.17058669647795,69.42120554412132,72.31888568759405,94.51883018028553,73.30119076498704,32.73924308809716,56.7739898784579,64.72162854861499,92.72024717264884,98.77645501920234,79.45964776760897,12,Ilmu Komunikasi
STU_0041,87.07920435739348,43.830414138284304,72.78168599975058,82.79396018872937,91.78175765206001,65.35983517844892,56.46405477080215,71.61044285640635,58.244133891543555,69.99394322593542,75.46429322084984,76.28743200529352,42.94295808422537,63.399189705301474,77.85195760646306,78.00639278304403,54,Perpustakaan Dan Ilmu Informasi
STU_0042,78.44890232809068,86.4539882441174,70.21317833224296,100.0,43.560460841686215,83.20838241650219,93.55579381966845,67.48191900194509,67.07330586312143,76.66621453859715,33.211559999245644,45.66875487785097,68.32617895230496,76.38035900595102,70.87065133788603,61.93038580755382,24,Pendidikan Bahasa Jepang
STU_0043,88.03326632123587,68.26501218116086,71.49264280551438,97.00942261446077,87.58295495475123,92.27029411941673,48.514501252241416,100.0,85.4674771710105,82.07061904664353,23.64755675752025,67.06495584127171,28.19404198477526,58.54666491656289,87.0778081851305,63.11697809991887,13,Informatika
STU_0044,57.754992790573134,72.65730834520396,81.16492212504387,84.3091079552859,58.409992865897934,84.1077882440633,80.3598036143259,63.13741855156658,57.07527275078171,70.99740080474913,44.784917117257756,68.47810717002162,31.942144779531624,48.20146439885046,81.33317713117992,99.9986865314489,4,Akuntansi
STU_0045,85.34358102072187,80.48079326699622,88.13000506495126,90.61568620625451,66.37407207819231,51.49200672219285,73.23321538943429,61.97633870303312,71.02141195252456,74.29634560047788,100.0,86.7880644028039,39.750727156356774,12.431698768705864,56.71858542997026,76.7395157853951,59,Teknik Elektro
STU_0046,56.96271543674142,84.83257040073596,50.80463481987334,88.7004210479438,39.451834694387124,67.46530583749337,76.005855415452,88.63369497224556,71.56658449108798,69.38040190177338,60.60139060317835,39.9626499351792,86.17624321115262,65.10198522861053,70.20433509134185,80.78919809938591,19,Pariwisata
STU_0047,91.23630320133339,89.96852986804151,73.80970838992192,89.68137924624465,71.87645149406883,98.59157627210558,80.36433933476557,67.16985508272529,97.3533037286472,84.45016073531711,60.43688528274095,87.6854992002757,38.699827368566176,79.36673303908545,52.99139410467986,100.0,14,Keperawatan
STU_0048,82.48571222287792,74.98698139961802,58.933064495671076,70.4758298781411,89.98558362896291,46.484525492617315,80.1343081381238,51.66378661582158,53.02341428874419,67.57480068450866,59.74981487201836,100.0,58.84593562313367,27.954905301239553,51.12355667498788,63.10278211915762,27,Pendidikan Fisika
STU_0049,64.84134885764422,83.10402843231688,67.94107043267117,75.70813740503506,100.0,74.75122130357956,90.94055324171379,65.85870647336347,73.51016113304253,77.40613636437406,38.28952096427201,100.0,23.607213334016684,71.5885847780487,50.91981481057067,77.21803348433849,36,Pendidikan Matematika
STU_0050,100.0,83.99106885236128,91.29222682659665,82.07204768100708,85.95380018930311,85.39741695910428,82.12483326873841,79.4716550095299,82.2823393043042,85.84282089899388,71.24960762762612,38.663711749562836,100.0,86.82867260188277,67.86642542234134,62.61009486832273,43,Pendidikan Tata Rias Dan Kecantikan
STU_0051,69.41459781115135,83.63820895082866,73.9484007763554,95.01033343517345,73.53266638350148,84.16890243857247,66.34561845454486,73.88978609147564,66.60112634630596,76.28329340976771,84.82181681566247,86.606171850952,35.35967677820503,32.440731488410506,68.54883325042171,64.03501071549209,59,Teknik Elektro
STU_0052,41.168996358048574,64.31034629256483,71.95031395256491,100.0,81.49629055929974,57.83436491562433,50.70257175575897,69.27155740068216,55.03197605536681,65.75182414332338,26.84378484423011,86.74355487689247,70.56288788986646,77.12164399070534,42.644865608684526,56.87075079401863,25,Pendidikan Biologi
STU_0053,72.81409496188763,62.5189558137458,66.92027401516881,85.22600264856233,77.836080991198,76.65398479581917,79.1654446045027,87.06527109601052,72.64060605635348,75.64896833147205,17.66381315587812,51.40313708068957,95.45476178759587,68.92845924778993,50.90422604948911,57.63957781295378,5,Animasi
STU_0054,82.60646710739769,57.76072420278738,84.00072975207779,100.0,80.57469105125706,53.91290633703232,78.3058800939141,51.199400135482094,100.0,76.48453318666094,45.65182663745084,54.28346758836759,62.167672497583695,83.46146168685867,58.98632039265716,80.62276192045827,20,Pendidikan Agama Islam
STU_0055,64.0785689784166,78.97637392924568,77.64957969880766,85.58940489003177,78.15248654184013,95.83609653905471,69.79332249605365,74.46629418093383,41.771795225637106,74.0348802755579,54.12342307442261,60.48136818773281,41.53747116404263,61.55655924488264,100.0,86.25405961879973,17,Manajemen Perdagangan
STU_0056,86.66627169752593,88.34828030207777,77.855924951507,76.20306101806415,98.23848811872848,71.08219251401862,83.10813160414811,71.53891208190105,70.23909518257776,80.36448416339432,24.911916394853865,55.5471059736406,82.42809444151263,70.88993722100707,70.43073459721239,72.3800388079697,5,Animasi
STU_0057,70.55611957683244,62.9972921526488,81.10459678919634,94.94955517561526,89.600778102646,71.00618043857655,66.84000893402934,72.04780651649774,73.0840431340168,75.79848675778436,46.028999586244325,100.0,47.10224989734298,63.38026561489098,52.20970410115585,75.76674528892897,13,Informatika
STU_0058,70.71110844326483,72.78631167414993,95.28866114006456,85.24332258870024,59.4415802454935,79.44453267186579,85.90151666479535,79.86587400383873,58.94329641406897,76.40291153847132,32.127283284208325,61.60269198517696,39.41567190551086,65.3087371640173,76.9548211954449,74.4429555511032,17,Manajemen Perdagangan
STU_0059,73.29650070901306,52.57711711249395,90.78548328799687,92.04089700418814,44.4850967209187,80.93507123303738,65.24156746111022,70.51163549917632,77.72954502081441,71.95587933874988,28.280493188231528,76.58017953275876,44.23841758764979,71.5336323684014,89.40522720145681,68.69033535224452,17,Manajemen Perdagangan
STU_0060,74.71071377086803,98.00628094861966,61.018813271433864,52.64264760705366,64.31328702166257,75.40738178737853,79.163412841195,71.86393124786771,78.92877555120016,72.89502711636436,56.8477067910795,67.92560856525438,48.23105643115926,64.63634721594927,75.46948793936174,82.80241413550394,32,Pendidikan Ilmu Pengetahuan Sosial
STU_0061,69.97295856901744,67.21872084418193,100.0,65.18705013434798,90.652187123721,61.147845373714496,92.93357849366697,93.01454376006245,65.84810775722708,78.44166578399327,79.24515334790242,81.54457333716633,36.02906555028495,55.649963565434405,85.18655449449071,45.123035534298126,61,Teknik Elektronika
STU_0062,85.94053131353898,66.12341624285071,85.74610953615513,77.92358145563699,76.430243408897,100.0,63.057873507898016,88.32930131451924,44.50193686298568,76.45033262694241,66.04332315145844,66.11001110438757,29.828531623320373,15.90314423004454,61.77641275043387,57.38473957647972,48,Pendidikan Teknik Mesin
STU_0063,91.38438524400942,65.41080577265724,90.32397686562118,75.28220034171268,54.604793880623745,61.60484632649795,87.95093730620081,82.182813108359,75.42469702182676,76.01882842972321,56.27817724235625,70.15216253605523,51.1197254525655,85.57124262177221,47.32989946350789,73.92365247830969,33,Pendidikan Keagamaan Islam
STU_0064,88.06811978141728,74.37440039458556,97.50145470998832,88.0204687343167,99.49006049404304,71.02015440537184,100.0,66.82669736448878,63.27279033745193,83.17490513574039,71.71161822902465,100.0,34.295108744301224,39.71915781660413,63.17734096428743,58.04644071115916,61,Teknik Elektronika
STU_0065,77.7077448928682,100.0,97.64069072161138,78.10853137543646,70.570052172523,79.44037592061913,82.97573364549541,65.72648921761913,82.42623462576655,81.62176139688215,32.18298395662662,54.19336999134814,66.15583230166816,90.08999135682299,86.274025856426,58.11559995273705,12,Ilmu Komunikasi
STU_0066,92.54302363556067,82.37981499348372,100.0,69.67708181528334,88.7661610545846,91.53063516516394,50.39047063430843,91.43720988525587,71.58954136522206,82.03488206098474,29.976991113468927,98.57503348477286,46.70303005790699,81.61330534022775,54.089468991804495,70.34316132062013,31,Pendidikan Ilmu Pengetahuan Alam
STU_0067,89.94030186282738,84.60673765823907,61.7454226923187,54.25402611299118,67.61668893512832,94.900019211853,86.52320185513318,70.18201368288062,87.26038452778013,77.44764405990574,47.827874540961034,46.08329411618901,72.71848419671075,96.56109624976942,57.49324758188565,79.7496424012489,39,Pendidikan Sejarah
STU_0068,95.98895028096254,55.71829982841733,68.26320807131319,80.06402676924672,69.80687206558909,51.05722815858637,67.44895411277605,100.0,65.74029973419778,72.6764265578988,40.817488552439094,68.21860169933235,36.436601331110836,49.5125958541029,55.485387424935126,90.60118576377263,2,Agrobisnis
STU_0069,95.43095147973693,76.31082661654523,69.452021190028,99.07601301607676,76.43471258319107,90.16267722168564,69.2861637576164,75.57517010490906,56.67721696374135,78.71175032594783,71.27700345371025,44.88096040352213,39.44197879023005,61.84885398993421,50.35930010440791,89.46829752097716,1,Administrasi Pendidikan
STU_0070,40.24493546167573,98.06049645736873,86.60410371844826,100.0,73.56103480161916,74.19160857593855,55.252182115568814,63.26723455025873,90.62450166186858,75.75623303808295,82.55098766272302,85.94362228379309,6.02159178561471,45.995932096429776,59.15786171077591,76.97612131831582,59,Teknik Elektro
STU_0071,78.57776190583425,70.62512430815683,78.52903649985616,84.52436382751007,85.74858814802838,99.59984490274978,63.1296589280186,69.27990391705977,51.411438756242376,75.71396902149513,38.76587004236716,54.678467840372036,98.02161755434932,53.797237645322596,74.48075430296267,56.0841891738463,5,Animasi
STU_0072,80.62215818576658,52.097789867333994,62.92788846163688,88.65688178710016,81.97930427477935,85.37906155920597,84.26016011879366,91.76683486887987,70.34040105062829,77.55894224156943,56.17211357193426,72.06171087933622,51.9714394784266,89.0872002291983,82.22217859028062,81.77283585471919,33,Pendidikan Keagamaan Islam
STU_0073,100.0,88.45584027953838,45.882785349810625,98.7561763175548,74.58364651984718,72.97881161549387,81.86423885557872,61.362910006583675,74.0389531929021,77.54704023747883,28.913656759409797,83.97321575191489,66.05738259737217,84.03648656190819,40.765333412273975,97.85681092448466,54,Perpustakaan Dan Ilmu Informasi
STU_0074,79.22673743221303,79.15300175397523,100.0,74.48220140837618,88.92730619401163,86.29306975166341,84.56056956150832,55.95773201791782,60.76929807757675,78.81887957747136,69.44515574124888,50.43191959101683,52.05165165881863,41.00257881745012,73.60275290162583,99.49258470320254,26,Pendidikan Ekonomi
STU_0075,77.15872981384175,89.70402743613519,97.18316606002313,74.29499396376823,74.1140904977263,79.11156781982324,56.24517649046366,68.85513590004166,68.80083358439283,76.163080174024,30.952424933599886,86.63189907759872,14.684518229655374,43.819924478463,48.13690671418899,56.75692819341075,13,Informatika
STU_0076,84.24855833189983,76.21036744805829,70.95532590477424,72.55138133194575,70.08823112967355,95.26768735237651,84.60765863056234,71.30875645852704,82.81430659592269,78.67247479819336,28.379866541636375,87.15951800996567,57.66739260949941,81.92571448398616,53.75326341399413,91.76897643672447,39,Pendidikan Sejarah
STU_0077,64.85543254335757,60.24210513553135,85.69779056391897,80.40559690677313,88.40373613577937,83.40731955474901,68.61918417873548,80.61850446905027,58.010228393853566,74.47332198686097,57.287294434360675,85.73064459350775,63.87699927853911,61.95503983006899,58.80090470565325,78.11594950075249,9,Geografi
STU_0078,76.23597598045814,87.53042851833382,100.0,64.19511500989033,49.45295530631383,76.94061541978495,100.0,68.35590518436322,100.0,80.30122171323825,41.996175459204075,62.605322571185184,89.96558916941798,67.7765480934675,73.44215160319888,55.52573766374932,49,Pendidikan Vokasional Desain Fashion
STU_0079,93.09539272005907,68.90022841717607,45.52748767923753,90.29526871845124,46.44249858886562,68.55538423216879,67.7307754454508,100.0,83.92059960493827,73.82973726737194,52.51130602763784,58.761759301414955,35.211011992789324,92.5488215904841,67.02948860118909,78.01885301798784,39,Pendidikan Sejarah
STU_0080,77.236791977866,87.18736589462608,73.90358981308795,100.0,88.6092091030265,53.71981030786546,69.21923291279212,81.81657677530411,63.21608626259859,77.21207367190742,91.58489569322457,77.80543094148898,31.32925224555647,43.97056278657348,70.0023475393071,41.075172289142536,44,Pendidikan Teknik Bangunan
STU_0081,62.20712308359875,80.2611029541098,77.86471154246243,78.55389252327548,96.13296576583078,57.70521386526326,76.17273094150046,87.02698568537272,46.42755837791649,73.59469830437001,41.88816472430723,91.2733354055907,31.327919206715805,43.13714320817175,16.973127310000464,64.00843312513604,31,Pendidikan Ilmu Pengetahuan Alam
STU_0082,69.37581689468064,92.03095022769209,72.58745856542788,72.899960004291,70.55590037696855,88.65300993021789,97.42279361939627,50.07889912851553,89.05672241819532,78.07350124059836,50.29822805893573,71.51032703827156,50.10612296717747,71.11900395596733,46.54583208885356,65.35619147341069,14,Keperawatan
STU_0083,63.74504629629522,70.41079126256768,53.41478533829924,90.38295921824201,70.75803723391009,80.04596682048516,72.07309514444972,80.3709470646169,100.0,75.689069819874,34.73695352491245,73.99563296684147,76.82129207507386,92.19512935937793,73.91452327932092,62.16374315493205,12,Ilmu Komunikasi
STU_0084,31.950434925466894,72.59550990273975,75.0369281499117,68.23098562042695,78.22373188924458,84.54775489744637,77.84666227621992,70.14024387735738,82.85669819697978,71.26988330397704,41.398316587290104,63.80492780875448,61.18131316890447,55.405532945207796,69.21857550591066,96.40955560403378,54,Perpustakaan Dan Ilmu Informasi
STU_0085,76.78400948642533,68.95496834658353,81.8659733645906,86.97530313511872,80.73005499604648,67.55624333563232,72.2480357346981,72.0426442821478,66.9910107159416,74.90536037746493,60.48366308590671,92.19914475995445,48.36900998812437,49.6251422203678,52.438685548837505,82.88871364219942,63,Teknik Listrik
STU_0086,93.924937224164,58.45328004320041,91.52649904978675,44.784175987208144,100.0,73.12557313653801,59.89000696696097,75.20793709776002,74.53522057375571,74.60529223104157,54.28775529743609,55.887634657072574,72.66516681143565,80.64723120930054,83.76136027811683,44.809612859611775,52,Pendidikan Tari
STU_0087,86.19580368414154,72.26931059118445,87.94857252496737,62.46352683156848,67.59043190735102,71.73405245019484,74.68061298570187,63.49756471765029,75.92464728091892,73.58939144151987,28.44506662097021,59.70164806483056,47.25306117471045,87.20031903734987,59.81628180992406,76.95149799521306,21,Pendidikan Bahasa Dan Sastra Indonesia
STU_0088,73.4429119202371,73.8607026483858,72.44348638751725,80.234799089606,77.63002374380703,48.81943714485422,73.73499354596365,59.88693703911885,82.24272747532675,71.36622433275741,60.54050176170812,46.314861383466784,97.31385137676239,78.49739907854168,66.23181643435463,47.62634376924193,52,Pendidikan Tari
STU_0089,70.25081983294258,79.2161636703789,65.83448452564365,65.36901749936153,88.00620861916639,78.43105721028604,67.43706820781672,80.51313853538201,85.78556231994496,75.6492800467692,50.3840497887892,55.9589855558458,55.5196657152694,61.86741556297473,100.0,76.63842397299285,17,Manajemen Perdagangan
STU_0090,81.93347008230324,67.0412948022861,84.8259914084504,79.67409879915108,90.31739284922332,60.0632063732194,79.61725089706111,72.97703444230098,44.92773461731399,73.48638603014552,93.6274397279808,65.42448626710267,28.263232184571358,46.38209844460004,55.4182345167012,56.79687439802092,64,Teknik Mesin
STU_0091,83.23867093007497,71.2651879387064,67.67313243622073,56.06183257132403,49.67178342928191,50.67751432682488,83.5327534472744,76.9200912279481,67.22664415842465,67.36306782956446,92.4674242809734,86.59125890022798,53.94961501272485,67.12115007832331,64.75516158378106,74.31051280549408,2,Agrobisnis
STU_0092,54.429819960941046,57.86285302043927,84.47755689312565,55.890179051657825,77.27792565958615,74.08901583143806,71.26192558723703,64.22998400341953,86.73076025347527,69.5833355845911,41.02252442730433,61.15070200512466,54.96877998869178,88.95424888777283,60.67767686468063,78.62800490116001,32,Pendidikan Ilmu Pengetahuan Sosial
STU_0093,70.48541271363456,61.778064112322724,96.69377556642566,67.06024560234077,83.24014830363966,94.65821134414297,78.11470998696791,63.86801459723905,71.49946035633718,76.37756028700561,33.51815933950898,58.76863561119831,52.77473576662489,88.2804009516631,69.83938461216353,81.43700078874052,29,Pendidikan Guru Pendidikan Anak Usia Dini
STU_0094,69.50344450588794,80.1279539978049,65.19390447670068,87.35788478132808,91.69755903919867,79.85358450781852,66.6773193618848,76.89176290639791,89.82215967487613,78.56950813909974,62.210490999281035,71.99438353209707,44.76451817027431,69.94145418834128,68.87944277009382,95.45578968562326,8,Ekonomi Pembangunan
STU_0095,82.06868336887041,77.06464603443563,71.01150800196355,100.0,100.0,53.736416753298286,86.33168027367807,63.978030730126754,62.89786416337697,77.45431436952775,32.60172121422913,76.7243018252599,34.54972530026181,40.15587410563165,40.19377440069206,49.870552468034674,58,Statistika
STU_0096,76.44067423673944,100.0,77.93368395880769,74.01740500997298,70.98390768524767,95.90274506344261,62.94818526712665,79.37129831673504,55.738622359682566,77.03739132197273,34.97085437974909,86.50587092912758,35.973202928480255,47.36311635916548,71.19813886449843,87.06960197769087,4,Akuntansi
STU_0097,68.42572063410714,71.77376071931789,84.64738515572049,83.77549879288942,61.30023115242649,89.7365186890463,81.92396569267427,60.93786308545478,55.411977459407424,73.10365793122713,40.978756419812385,70.67868954117218,49.14582373212681,81.3628846672637,59.4682909628851,84.38992193640746,30,Pendidikan Guru Sekolah Dasar
STU_0098,79.53237647634487,60.070106022945495,67.9063536787994,71.13890076480278,81.57158487873735,66.0403515869271,82.04358034594873,87.46149526013929,65.07582187356563,73.42673009869007,49.81016347685519,73.76891196229927,46.349313425938234,84.38369646389262,61.751652202282486,59.95982168253737,15,Manajemen
STU_0099,95.25762900367017,63.6006524077922,79.97787939638219,85.62529107290028,73.01776016892879,69.82867039711145,80.72512389738566,91.17706513438031,60.397534776320754,77.73417847276353,91.1632012788366,68.60758992405707,15.960997971476544,0.5328534406202081,54.66982113939236,86.26701916003694,64,Teknik Mesin
STU_0100,96.81725753661851,68.16098558124453,69.77568738787858,73.42302002765314,53.03460412762085,56.84601019388766,61.6536704484355,80.96492853367563,85.8733105791541,71.8388304906854,37.55591499787641,54.2602694530582,82.34664285653798,44.916622832114456,58.926037723278,41.35402982416541,7,Desain Komunikasi Visual
STU_0101,64.10927623928112,84.3297180050573,66.76372015512271,64.04492018938711,60.889816018518175,100.0,83.16673316544824,64.73330704037875,73.6165448893186,73.51711507805688,46.89919135751398,71.1206519732583,55.848317638284605,76.66455217159863,83.74622384347761,100.0,15,Manajemen
STU_0102,76.03372659655649,60.13433185617272,58.78649516505393,94.36559804157667,94.94328325194815,29.55601346687242,55.86377013406087,80.66815965407277,92.91992751538717,71.47458952018901,75.4217745770941,90.14579800396687,38.31726728715773,37.1172986633267,50.595665931000134,55.068917352215365,61,Teknik Elektronika
STU_0103,87.54525903203145,85.51638768750693,54.41542043011397,78.43296228498969,93.73890948222387,82.55841420850898,98.77171696984496,100.0,82.31531729708354,84.81048748803371,36.37039794151179,40.22043218521468,59.40240357915388,74.56159980097668,76.54142085117303,62.790331985139645,40,Pendidikan Seni Drama Tari Dan Musik
STU_0104,88.07823992875457,71.5857857475287,71.61722021682633,91.03074721490245,76.65041505907107,94.97276441948073,85.12067292000508,67.73749346077749,82.49626178776181,81.03217786167869,71.63672305903314,72.83424103691249,88.31729081413833,43.58503490038824,50.978507398857786,59.88370884553348,44,Pendidikan Teknik Bangunan
STU_0105,83.0445901724683,66.19323198497189,86.27322760864173,64.60187086484231,79.30930272375515,66.43459601773215,88.98509405529391,62.87615261628024,53.188934855514994,72.32300009994452,85.5840248425966,86.4822825513069,54.23805469985106,13.035306417090226,59.56094450130128,51.576567986797286,48,Pendidikan Teknik Mesin
STU_0106,77.4596781260536,89.9335352780827,93.48513046826253,52.16483076429948,68.1712208684662,85.32724491540708,79.06393816784247,99.30799368730135,75.13537389325629,80.00543846321908,66.33147570618738,62.29825156639158,67.89485765186417,86.25554348714908,80.0697267025094,68.18067253808374,19,Pariwisata
STU_0107,54.73682532101012,84.08132176173133,93.10433530985198,67.62950731780784,88.69779213498798,83.63029224744406,65.60146329792644,68.77361692733227,68.6544875001106,74.98996020202252,48.71204111853572,69.91346470170956,50.80527289142214,47.17501253704134,53.431819288669516,64.85388477243475,34,Pendidikan Kimia
STU_0108,96.25579262306942,87.97804167592349,65.52569530922928,76.05595135504915,71.63706590413626,75.96298139269872,85.56795209893764,60.672482714922566,88.6275114384619,78.69816383471426,34.49090723734497,55.298902211474136,48.931077786017966,100.0,71.13215436946392,89.60590224990595,35,Pendidikan Luar Biasa
STU_0109,70.86760353184553,72.49978913005926,61.9496759695747,92.21595331804365,75.13918597320836,80.64083559560063,83.88444056010451,70.87038507870136,93.5925722499984,77.96227126745958,45.63471003223513,37.92126810694518,82.30893809490917,67.86987901524051,70.96824588512466,55.19274318956221,40,Pendidikan Seni Drama Tari Dan Musik
STU_0110,81.96383294692242,95.07578810759983,64.34082691174467,58.957586218647094,67.75401835616317,77.53812509666727,79.19130517138167,82.03129989225751,88.61701265715976,77.27442170650482,39.1541329499929,50.44804096194005,51.33598473834904,69.23601629233221,53.04893720588584,58.57779430390451,23,Pendidikan Bahasa Indonesia
STU_0111,73.09494222916592,69.45888165046344,75.72812551757174,69.75548304032014,85.1991866271887,54.98796209032436,62.3021285510974,61.11856201947049,87.30430628763006,70.99439755702582,58.77473557546486,93.03178539410038,48.56843865863142,79.69669357937374,59.40744776081609,87.05820412154148,28,Pendidikan Geografi
STU_0112,69.78578145339637,99.18889779631701,83.74896156309512,60.68601403829823,59.267924543027924,98.66221395533198,73.90462719115143,71.84026526011957,85.2772168847657,78.04021140950037,60.527360470983105,64.86358457649345,91.37652741796762,63.30268770752853,49.69457333731337,60.22821628273367,41,Pendidikan Seni Rupa
STU_0113,88.62963765122063,77.99012380891688,100.0,53.30418359404432,90.32700828778219,100.0,70.84139235115201,86.1773131665575,58.48302819839322,80.6391874508963,47.839398078994456,92.25041238836351,38.27961116072905,81.74479359795387,92.68867262985697,70.77584310175831,35,Pendidikan Luar Biasa
STU_0114,69.5123707787672,83.06178767822212,62.95671731408,61.87523687068649,72.56992743047122,54.4801685247335,61.600704755490504,100.0,71.92067391960458,70.88639858578398,35.3619388704215,44.24801431822598,53.82942566967915,89.23848873409412,59.76257621742041,62.51673478084952,22,Pendidikan Bahasa Inggris
STU_0115,81.83009412503017,92.42585579830089,43.872412955313834,71.72539118721126,69.5980080665004,91.71340076450466,84.34516291061458,66.22439868739535,67.53324490066734,74.36310771061538,31.943355511627974,84.12067156427523,55.98927703521404,67.50938200642084,61.28949107540164,70.97412313291301,14,Keperawatan
STU_0116,84.1278440158435,78.30431147146219,53.14725692633756,74.26684830866743,73.22408339604087,68.99862863979727,90.02593133504914,59.42360757616964,90.35066149480673,74.65213035157493,30.44768971835813,59.77003590894186,55.831528726586676,76.4775338941092,66.35761085215967,84.09727438220966,39,Pendidikan Sejarah
STU_0117,77.51414518110263,67.17659984474508,93.03697137193588,79.48095516531001,44.88333604258456,76.0381053768334,73.68446562527632,94.0814560269552,87.95274629459321,77.09430899214847,59.728443864199924,81.42208165258918,54.82356794135878,45.539957746811666,87.05515691281269,93.02712411689807,8,Ekonomi Pembangunan
STU_0118,81.44548998242189,67.0383141296743,75.78405640329763,55.98783309751073,71.62839558664784,77.60124011226647,72.29448085545698,76.45754986273283,66.1815095450236,71.60209661944802,55.923622372680114,48.81694241258886,85.22619547533817,83.49857307907868,77.79859357516202,61.43763960695894,51,Pendidikan Musik
STU_0119,69.63974530864951,60.93236764043197,83.04023156594266,93.00327295796222,84.89169157763023,52.120149425115386,73.67307332453127,88.71671615380457,53.00982938324114,73.22523081525657,84.57904885710533,82.64967015894595,23.158249448603573,42.42181415343826,71.02966799789793,63.309987646329716,45,Pendidikan Teknik Elektro
STU_0120,86.13436745412496,61.171781405385914,96.74831491062108,70.45443125964705,56.99757006946274,63.462744690048,70.40796373730612,75.64452076630118,71.74118103687489,72.52920836997467,64.05673736485323,53.16830485602332,26.681758073162968,17.972108405655558,69.05494947185852,84.0277579146288,67,Teknik Sipil
STU_0121,63.18781353744093,67.29796463101238,71.60391364561609,74.2024173822941,59.85594720117531,89.2406104446409,76.78776718221992,75.81212047858237,79.64797947205179,73.07072599722598,33.253983681060376,57.489337515065664,39.798741693348596,80.32955920204573,86.5782195971695,94.38699388257878,35,Pendidikan Luar Biasa
STU_0122,63.30275778380576,76.5131380790579,67.856042926345,78.59948338061358,69.23721218138388,70.96243354947417,62.56201824494867,36.26696470231028,49.68994925477131,63.88777778919007,45.07706723773126,63.628544532777376,33.112430897589164,48.217669371660406,83.83667364221517,70.71168411596904,4,Akuntansi
STU_0123,96.87377569100617,78.25588130046111,68.71265970430407,88.41581315708768,56.04896990143574,76.26590365912192,68.1239968297938,64.75449005746309,72.85561853114343,74.47856764797967,31.52400176872016,42.16467564059647,66.34749523671024,60.53246467593501,87.19960254525992,55.83648472492128,18,Manajemen Perhotelan
STU_0124,72.28194511555856,88.31247525498142,100.0,56.786305677666164,80.9537891253113,69.95096406185931,74.62267139404624,100.0,52.95841540246786,77.31850733687676,50.92742246392464,47.12708369112232,57.870962369333796,100.0,58.96738490096292,44.63654972704404,1,Administrasi Pendidikan
STU_0125,81.92158691867738,96.17712484354048,74.42036886963761,64.07803655613854,64.14683428069714,84.62643158758061,71.99698753395326,76.37538440093714,71.2717243615878,76.11271992808332,58.095545938979896,47.76526041936137,44.73725219852379,93.70592033903435,73.45464801272308,64.41159951879827,19,Pariwisata
STU_0126,48.96305703105885,100.0,67.95422202663995,87.90934389982417,66.94653261624764,89.14698528730887,98.411116109798,91.155478249709,69.13763028440685,79.95826283388816,59.698323383729814,52.62332353551172,49.8870889198207,92.67744798154645,61.296772264467144,62.88565499196248,55,Psikologi
STU_0127,91.01432455794105,81.36922757640095,90.21404475688918,56.98000000692179,93.70400307299336,86.40938885591437,95.30192722065613,57.2856673061096,74.52816489251708,80.75630536070484,41.77263613764221,49.800965451736246,73.67235211427143,69.65177152323866,100.0,70.52084727616926,19,Pariwisata
STU_0128,58.40929916409488,72.51638003068861,63.773404922595155,71.6018079021126,69.97847131327322,85.30190787210155,88.69468186592414,69.97750357640918,68.92778663697192,72.1312492537968,41.742864601379985,50.79534592115188,62.541804947693734,80.15710404661559,74.71166570303275,55.31680032929621,35,Pendidikan Luar Biasa
STU_0129,82.78317294511272,67.48026019595355,82.09033674558329,48.9497892627122,94.35418030209226,49.41112407719791,72.8390568237286,76.88327713141469,85.40987893757976,73.35567515793055,62.91094802118886,96.2508416515187,25.70928162757231,40.84730265720543,40.77029180255242,58.721162786693625,34,Pendidikan Kimia
STU_0130,74.45820241990768,55.630406871813705,93.60400868751336,85.96384408804175,93.59449075995038,71.54872626314295,91.17592289157693,56.82124325663593,65.9790229301383,76.53065201874678,34.29415521057065,85.09557139176796,62.044514285728134,91.24986595249047,29.51562618548597,62.213033424730014,31,Pendidikan Ilmu Pengetahuan Alam
STU_0131,64.3085408790314,90.45236800789365,82.00248477901836,77.87909582519801,65.08157925230623,86.55190683858979,89.90117917601162,60.8601769800474,58.12825266387115,75.0183982668853,49.69310825369607,53.77108914133058,36.6634424269313,55.08861074264275,73.7109392247849,81.82825846440467,8,Ekonomi Pembangunan
STU_0132,55.35297987874614,72.58738579069859,90.60419729440048,88.85696449891581,85.21978426776545,72.38419848025295,82.64872991956953,68.19758657521544,52.262622623897265,74.23493881438463,81.35528765468003,77.21880980314772,17.36441905919632,37.491792024849104,67.71928667270981,42.44527246387974,65,Teknik Otomotif
STU_0133,45.89742866552879,72.63794000045039,87.26966520181197,100.0,88.16938860400475,52.49247224840297,65.99051377104513,76.58387680311382,25.36457199503343,68.26731747659903,33.04075556904489,80.0369377315537,39.58705926973903,35.35227511631116,86.89361482824877,65.07662276834803,13,Informatika
STU_0134,62.06585597047798,53.80113604179117,87.4504552123504,79.26973336536523,61.371278238994854,64.69437994342897,90.63065219739201,59.53764539272474,96.99742134558349,72.8687286342343,91.0634608126854,72.46648572852082,31.33400258663077,72.46934144904323,74.09082856157448,78.04576740689456,2,Agrobisnis
STU_0135,56.17085182696508,59.260397263870516,72.94749770522492,37.0566809963614,84.90571596861602,44.6714538276115,74.99415891267395,75.19524994572576,81.53286408254533,65.19276339217716,47.30751573770275,68.22132546889875,39.45820596142316,48.049570838947965,44.07382260040522,86.4282208726477,54,Perpustakaan Dan Ilmu Informasi
STU_0136,70.96711216619957,75.77977618580779,98.97842360888272,88.08294086102863,77.39220673199209,48.10179781574304,63.44544092167338,45.570452250495066,48.39787050373822,68.5240023383956,74.49983037132128,100.0,23.389065809341755,14.645851187652948,51.057581098447216,59.696381632949496,60,Teknik Elektro Industri
STU_0137,74.25344163681531,73.1713915728105,82.54477519901714,94.36822470182707,71.99096021523485,55.57254462829631,70.55443335791334,49.99535664384166,62.362183933518935,70.53481243214168,51.22227554314384,100.0,35.13071509215319,47.38969681097072,46.9771300948382,70.61065242227221,25,Pendidikan Biologi
STU_0138,67.22849097569032,81.06577520972884,70.06983889117855,83.11249990511288,91.19492133440245,88.257073578132,75.56497365299435,54.82622360923517,91.67160211867271,78.11015547501637,64.93764198873622,71.44508999673373,35.619516520534496,47.53126891006432,67.19979997595456,82.05442985438881,4,Akuntansi
STU_0139,78.15356626639092,69.01991562381667,82.29452642100561,76.77879447073946,52.00609302055459,75.7965231989118,74.69040280972193,67.92966574486888,88.4981660267216,73.90751706474795,83.4743674448057,86.21052530974725,53.183041238676594,74.9975373370737,58.61253371529342,85.94019715985345,28,Pendidikan Geografi
STU_0140,59.23119229759152,86.04634221274365,89.8183903720506,99.53671678165782,84.50758711874842,52.4196571444416,75.63950409516167,72.14245099038003,62.95907652599055,75.81121305986288,65.57184484065604,92.85584995489609,32.21583331085521,38.380820765952485,73.82007131236149,62.95784400192138,61,Teknik Elektronika
STU_0141,56.37399412970379,75.57490972404865,87.52520429685552,72.87227351453087,66.92081096087583,68.55637336999786,82.95683866091917,84.87204321101905,93.05694161449566,76.5232654980496,60.85974152519682,83.71852741499777,54.64678322908611,97.3399963499396,61.560343885190505,63.648514048846565,28,Pendidikan Geografi
STU_0142,75.70915449927242,84.35685324792637,52.60090563193255,55.65345434772987,79.08609416820566,99.84116028535965,85.91174683664227,71.930245603199,71.99007967592696,75.23107714402164,38.06000128147571,55.110646474316425,80.22977332898903,67.30215709146829,80.85446741845288,81.65217731744092,43,Pendidikan Tata Rias Dan Kecantikan
STU_0143,82.10443363852963,83.2833454963612,73.84643561922287,61.778984525646074,73.72351269051522,69.67446142124051,65.64978083898131,79.40691790902021,63.38810888473857,72.53955344713951,57.42186056547771,87.51026972779353,42.54350279409459,24.767257520612745,36.651943465821574,61.9897033077321,36,Pendidikan Matematika
STU_0144,75.14517280315643,47.83893882454848,80.35204778554458,91.18094460274625,68.8383282033412,84.89300130783711,68.16825465274663,79.82030216308269,74.86286620227666,74.56665072725335,41.20380320443089,89.91359945051596,47.38036232526783,5.181715807677051,69.00441013809697,56.22711397938726,27,Pendidikan Fisika
STU_0145,97.02376347459212,75.35662718780176,63.4170233234762,55.37560923965414,71.35231452912153,87.98145145501798,74.34186143509206,94.64501409321552,53.683540339278174,74.7974672308055,35.115564244878634,63.23582148348041,91.27073343738282,67.01295576566982,93.71728701418583,31.229100659467385,5,Animasi
STU_0146,84.22533677657549,92.18755442702758,77.57444875986597,71.77862585379052,84.36591480493014,95.3704728873993,88.88709041723656,59.66949670564911,74.33982598252406,80.93319629055541,49.85493262584735,68.39134565165386,32.685364335059674,55.60522152818086,85.32656276260923,80.13369875658509,8,Ekonomi Pembangunan
STU_0147,100.0,90.57774606995162,67.39702256447475,56.16285322276249,55.00369082827169,89.1017702158671,91.93978002550824,72.8871603343113,91.28388495574202,79.37265646854324,27.74610069463942,54.41428494273558,69.42180324004394,82.84587444710186,71.43628976574283,43.509235296516806,57,Sastra Inggris
STU_0148,63.24484809518414,67.96274458997796,82.46885250552656,84.96746712995633,70.47845559537706,68.23236746900866,94.4908082020806,97.60569562936853,87.70401271094514,79.683916880825,39.11287943886653,97.99575001091054,40.551095514247415,19.290319254512838,36.869224171972135,89.32931283656848,36,Pendidikan Matematika
STU_0149,80.70439241216654,71.24389175614196,78.75502790744396,93.30166841192967,100.0,69.67721275215891,58.13598431034876,79.54328696452735,59.222289682034955,76.73152824408356,92.9684276512095,78.94537075498938,9.019420126309619,36.59712482164141,51.1027183206499,92.60474771222206,59,Teknik Elektro
STU_0150,84.01410371012673,64.50576371061975,92.44257818277433,68.03253110967921,93.40024231616923,48.51325033548399,54.8890346785791,87.81489865721471,79.06340183307148,74.74175605930205,80.38335723981794,97.98330471689019,51.94638962899697,59.792874120726175,54.10946825740731,78.04957008837796,66,Teknik Pertambangan
STU_0151,70.21017848579567,76.59821142124896,92.86127690087315,100.0,85.59312467836358,100.0,74.28973796979298,97.79470662394095,22.674595191612028,80.0024256968475,59.60961992186642,64.27959211035169,32.805180114617386,21.41879310775693,30.779235722726114,71.72911657128974,47,Pendidikan Teknik Informatika
STU_0152,91.4165760010153,82.5773407401023,78.82971264353878,64.83368975360328,88.02761835883936,74.39179289606992,69.4353211599603,54.163212292468884,75.23089262865201,75.4340173860278,76.1968743546075,77.5565879283007,39.42152702215525,42.24596824583394,47.75911761472116,77.64954411222774,27,Pendidikan Fisika
STU_0153,69.77752562568713,73.02977908487027,58.74152720693582,85.04771656943404,97.20015927974163,70.11081410936235,69.38090809085985,76.04015031259323,90.41056763492638,76.63768310160118,27.970336820729262,46.77848162496127,84.99736841684327,66.8188558845322,94.6129818278144,54.578707648974216,12,Ilmu Komunikasi
STU_0154,91.02787076573475,72.67252072432359,85.32743885576973,93.8817025766799,85.42599722406572,44.93435864123302,73.35063120556474,53.145326277307305,65.99169034253512,73.97305962369043,38.158188652529724,98.41110858524523,45.26184038578427,48.16606805098671,55.6755042410352,75.68047004831152,13,Informatika
STU_0155,80.48720795278733,75.90147638147126,58.452199146603945,74.47549220995157,61.79979873119102,74.74013867608735,96.75487717388098,94.08553262148418,72.00418763072402,76.52232339157574,27.041648938919053,47.19971278711722,83.99874436251567,52.604257363617634,63.937682242496244,42.95251153502202,49,Pendidikan Vokasional Desain Fashion
STU_0156,94.92624672008733,48.57862459100754,86.86386013945655,73.25944395464569,77.93020526553359,48.55964569622912,79.09913762263368,81.36824391359073,84.4996107008863,75.00944651156338,64.9567890145501,74.14102417532787,62.46072698978123,30.13924409200176,75.63870954563271,80.2774081601819,34,Pendidikan Kimia
STU_0157,74.57299645039015,80.46730834497355,70.60463341464698,79.88633468146581,61.89852500720147,74.16793711439094,80.11502424591221,77.46559140182447,51.523488743933356,72.30020437830433,29.62521127266038,75.34466150142356,60.52535715256667,81.9299063571629,66.07458164093426,55.5173371437224,30,Pendidikan Guru Sekolah Dasar
STU_0158,59.34784992615706,74.66937963949704,91.24735917382645,65.91813713725129,79.29482894152311,93.57521220810546,67.788753628963,95.60967546475608,79.95640633241801,78.60084471694417,54.731928589545255,90.18969052934207,38.958930993412665,58.81887710703582,60.48441746633604,74.69037199782571,27,Pendidikan Fisika
STU_0159,76.62407208386396,35.16012833491922,95.77568032161545,70.9658627673713,68.8635350983171,59.566373848186124,61.65046694890321,89.03974658073813,55.273678042213966,68.10217155845872,94.21815477355416,71.00194002202888,28.391441000913655,6.111869516192694,66.00093902871065,56.68722242613579,48,Pendidikan Teknik Mesin
STU_0160,77.21097496732924,67.25138731165896,70.26495666050387,83.09613373861323,85.04502308443001,76.89754050189647,69.76849949653324,75.52884479787389,53.981881904413825,73.22724916258363,66.35140431936041,99.96851820595307,27.79211310643114,30.615602584679287,25.573629886185525,81.45988826876312,58,Statistika
STU_0161,83.41796896385391,86.5864005869272,71.36168263543348,65.4286857168915,58.80789262819083,65.26966311027358,100.0,91.18083454957824,55.0849588730877,75.2375652293596,29.921917268648926,74.75846224097573,51.6524448360183,81.64287797804998,79.48446275262053,84.08061553482669,38,Pendidikan Pancasila Dan Kewarganegaraan
STU_0162,92.79029859741487,56.6681669352558,57.511358428330794,61.66050404298339,53.61931300823561,72.3036267643553,88.43054070019792,95.37104309414914,86.06174969746502,73.82406680759865,24.130504519077157,51.32818886786991,86.50839786612381,82.38840875235064,68.21791642072826,56.82895111442772,52,Pendidikan Tari
STU_0163,73.11133938200228,42.67683382416222,98.3279748817749,67.46830095572321,75.37847943903884,90.56958678261647,67.20804533868386,87.52218483602508,45.14144361682401,71.93379878409456,77.44630086222074,74.55151368241664,30.59325211603406,17.965906426810026,74.13680808780299,57.333661664667524,67,Teknik Sipil
STU_0164,56.14614100787214,55.570888855597964,84.39803019769903,71.95478449855649,65.69902853732769,66.41917965458218,66.91964565559198,76.46315929510698,80.23050209762665,69.31126219999568,51.61183989085576,61.62776423274097,60.09959339497054,70.64412463447148,61.54528392270446,76.26899375333224,32,Pendidikan Ilmu Pengetahuan Sosial
STU_0165,41.73527939278059,74.04388158576309,80.5894964198032,86.93978195352962,59.80545666790447,77.11393309824366,63.969479861225366,78.31998882376612,61.46515148691766,69.33138325443709,50.9682002531445,57.44090737833146,77.45158210446138,69.67537012845085,44.5804872174836,66.41554903346922,9,Geografi
STU_0166,92.34655423734088,82.02637696890777,92.36655786002605,90.18608494063722,66.64974188674397,92.26003432567668,68.71226122830903,77.89737279568409,76.6553874000268,82.12226351592807,45.10278993007735,57.79199611894272,50.38881729643609,78.98907813103683,93.30546058970438,86.44778789053045,26,Pendidikan Ekonomi
STU_0167,71.80752805401232,79.97019362604343,57.99942153403531,63.98360680615432,86.56157202026209,76.96968179404531,79.4861194242611,75.75429555250913,88.18117058646342,75.63484326642072,39.46526567128235,59.669910348015144,64.36255216378946,99.68282658902353,73.1576308057306,62.49187255004545,56,Sastra Indonesia
STU_0168,76.10395969502446,73.12890715473436,68.00076089970123,76.11417206780948,70.03425487624746,96.0991721870512,86.54486236842885,56.1136533534515,54.439788024946914,72.9532811808217,23.037327992184736,91.85530115424933,49.160544425734045,39.560849649249384,49.271725487516946,78.51181664880718,36,Pendidikan Matematika
STU_0169,66.45574061587956,75.06594223337629,82.40192566461337,94.38151251005473,83.86309155754613,86.25773693588175,77.0897461630817,93.33596888764555,79.73667914343297,82.06537152350134,47.81826389607407,41.3477719549022,57.58210159262978,84.9217442172465,77.18553267474292,83.02008586461697,30,Pendidikan Guru Sekolah Dasar
STU_0170,67.07446158727889,78.94977352999685,71.33792169103835,97.62828077048921,80.06261785458554,67.19641817085262,86.27081104657053,62.8962451676599,78.97301898008622,76.70994986650645,74.66694507791715,65.3882304801875,48.07706066401896,20.2223750168695,70.68981027452014,51.809260995702274,64,Teknik Mesin
STU_0171,85.20777201338701,71.11909509061269,74.27625399700594,90.31044897762357,87.44492745693066,57.809947078387225,86.1823911786978,66.10685560030801,77.7334029861944,77.35456604212747,63.14603182895441,96.19878937978761,22.436250248964225,22.903334274656622,45.90297607975361,56.7513882549116,61,Teknik Elektronika
STU_0172,60.36409205040414,77.763966837294,74.56817195353379,81.0216817972886,74.32862193539754,80.72261319000002,54.744673593240876,80.73219912751333,74.38446400469002,73.18116494326247,82.16139335609972,71.89679319525624,50.682970010038105,57.06207207752237,61.639014639817404,50.89286473250178,62,Teknik Geologi
STU_0173,94.35392053798128,79.95906702984414,76.68308269793508,82.77918970645248,73.59249487697949,87.17566237936882,63.70613045554935,70.8066578066743,98.71951807795914,80.863969285416,43.87167008998756,64.79606987126013,60.07238369623038,78.91139581904682,39.600483351803746,66.88729892875293,23,Pendidikan Bahasa Indonesia
STU_0174,68.2649145703537,79.79181077856263,76.73587900403238,68.53994772005976,64.44315623844095,97.14797056894385,75.42674500656338,52.44349428531494,80.96747028283447,73.75126538390067,51.24556617315312,54.370211639690275,67.73553895581236,76.51247943236845,86.50438378918203,83.93678544917687,18,Manajemen Perhotelan
STU_0175,62.67805228472506,67.63188353959352,99.46062976730451,89.58905854625887,74.77164622711668,71.5386445339547,93.12164776869136,100.0,56.96950381514246,79.52900738697636,72.61918504244187,88.36032607132726,30.421520039132844,21.692039681468916,33.98356052118572,46.66915407428809,48,Pendidikan Teknik Mesin
STU_0176,77.77808893928342,84.12404071139721,71.07070880852855,79.81738735106805,72.0875031999815,80.62391743243033,93.64618212906291,78.6267100083334,81.13344202740993,79.87866451194392,51.49946115646002,88.20336147650374,76.21363095913475,54.79428229484506,53.70650925690548,73.69026594745986,55,Psikologi
STU_0177,61.9678996003745,69.94088987788243,71.48927796063114,64.51961796813356,79.56057966381691,77.19740953851435,77.19794288291743,73.19148831020313,65.06781176589385,71.12587972981858,42.13334707515857,50.64892183816366,91.14187827218957,61.01744638455114,79.00344292097138,57.1907833653556,41,Pendidikan Seni Rupa
STU_0178,61.036816912946406,79.02220313155028,73.1374029061943,98.57665977641686,96.022276153008,69.94452760146389,74.03910974963296,74.0386816470909,67.67676733376528,77.05493835689654,20.395820141250603,60.52217602372159,61.69767417422207,54.64527906766836,61.44071049116242,77.89586321900137,20,Pendidikan Agama Islam
STU_0179,91.76667280541426,67.4553377309044,67.5550894543533,65.08863987554156,86.1284793036688,96.89933197451083,83.56817157824075,77.04311054829464,67.7818249931412,78.14296202934108,42.47975725718007,63.86188999127609,69.72096782291023,72.06551076437529,70.50067253458838,100.0,30,Pendidikan Guru Sekolah Dasar
STU_0180,68.29661858619428,66.66966321756006,82.34352809542143,74.19706540181832,92.79441518086064,81.11775611198783,62.90328682412426,56.155188024551975,49.36933381635345,70.42742836209692,73.95247774700232,82.52968682943592,41.04105984151713,57.878710042610614,41.41658041363504,64.10615503429474,53,Penginderaan Jauh Dan Sistem Informasi Geografis
STU_0181,93.81183343042007,78.19758444069797,41.22850599244312,62.59833245463192,88.28042714271072,85.1040614817347,82.83701434831919,61.18076610949905,64.01194091653602,73.02782959077696,30.42171032970113,48.03827618196669,81.43105756906252,71.33719152340457,55.447146012169895,73.98478298997287,56,Sastra Indonesia
STU_0182,64.30643615566251,68.36527717886655,79.64442158595597,100.0,80.46632957270297,94.32091269566723,81.39812466965573,80.74893418269541,67.89973035708032,79.68335182203185,80.2164997836092,73.85442903493113,28.685043998402577,39.03280300843887,50.003327315990894,75.98468330672193,44,Pendidikan Teknik Bangunan
STU_0183,89.17940661994784,92.4861850264467,84.46320272321302,74.59015184153218,75.60221781598241,77.9121491975346,85.20657021080278,36.22499239709005,68.64398367821619,76.03431772341841,68.20175440555849,64.29406018405228,19.47802180453432,93.84557164804127,93.9630816288527,98.4770190382614,15,Manajemen
STU_0184,60.98664538478478,75.60130676515155,77.02697472367156,84.11133173261304,75.79011325845329,55.881871089862734,62.4522821559143,64.32423687104892,73.33334258848491,69.94534495222055,91.1361134412256,100.0,28.091457475199384,38.54749386496514,36.800289406950505,82.72321311341929,60,Teknik Elektro Industri
STU_0185,77.51025009299515,63.016320105663844,81.62184851742806,80.55641818914793,81.27998706116935,63.28811639517329,67.12891707428336,66.20122018696885,68.95092923107332,72.17266742821147,45.8099241749673,70.34103765624081,50.79977854490631,73.04740256797871,63.61225280884252,94.34167015800124,38,Pendidikan Pancasila Dan Kewarganegaraan
STU_0186,78.92051552714815,85.85660000469238,45.02072999301322,54.8193672691507,54.080990600934186,83.56301470182379,86.89641513998419,84.64798645689395,89.98579973733781,73.7546021589976,41.46703022172481,63.04120048150183,81.38981303074459,78.03011256584197,61.565449345064124,54.16813703464285,22,Pendidikan Bahasa Inggris
STU_0187,100.0,70.33269973951528,58.9464883983095,83.14902732878207,68.71749885834436,100.0,70.37228935579309,79.0878359255755,54.041693583306554,76.07194813218071,75.95971793733685,84.34148709574875,49.316841172289514,62.02447513314244,92.53831447531803,59.53415584968046,2,Agrobisnis
STU_0188,76.06506766112392,73.85405206829562,61.80611442810939,84.53977056107136,60.69262966031441,97.72028720406134,72.62059474221996,79.22518377133504,72.64508790936299,75.46319866732155,44.75497093876965,69.39565695023097,62.37614706204915,66.36241535957404,56.38203163774951,72.99014406056676,57,Sastra Inggris
STU_0189,72.79224139271462,67.9086040036234,52.57121280453439,64.80641293845845,56.73889104412838,62.9586621980036,77.55935884206366,69.78486532705469,97.79292233739883,69.2125745431089,58.532544098338555,67.14308620871364,37.78641589780376,67.31200619390324,59.814515488111354,93.775436893929,32,Pendidikan Ilmu Pengetahuan Sosial
STU_0190,99.72670675750982,75.9601937403077,66.5567701695948,38.76825339959305,62.11293340908691,92.96227561637392,74.40205544926162,83.3262373376107,75.71396272802626,74.39215428970721,47.93604047248972,65.42985510996276,59.53352568771355,74.32911006126011,71.46360669885303,80.51256151035753,56,Sastra Indonesia
STU_0191,98.98328804815588,65.16045770428721,94.07223907229528,85.6080890340675,96.65198608001276,70.49992530585985,79.925203758419,82.78619068018207,74.53169042471536,83.13545223422165,46.855189163889165,93.58070215879566,39.33762118855148,45.81854417838558,25.211598775808323,65.11856731795716,27,Pendidikan Fisika
STU_0192,61.181433471675064,75.26637901640248,70.63544010591366,79.91803185424926,71.1548262958734,95.18573303186041,83.49373169883248,67.17387401793972,74.16273806649025,75.35246528435962,36.590981917839244,78.72496024541145,55.31927957607687,85.25285979609114,71.51460794441266,67.47998188339596,26,Pendidikan Ekonomi
STU_0193,55.165210116838274,58.19722605259477,76.6031621123414,70.40828627225977,100.0,78.85719620451799,94.10308829843744,48.3613894761032,85.39837276665293,74.121547922194,48.83281480314697,66.55181117780153,59.98078113923181,77.2714478114465,83.8243768337142,100.0,38,Pendidikan Pancasila Dan Kewarganegaraan
STU_0194,99.04995675250946,47.32370064938265,91.40468925320137,74.14232992841947,92.50655555334654,61.539279493095634,69.95516160933967,74.81300631411338,60.47549174697109,74.57890792226436,61.41379816890014,72.66284310613683,48.83458158709829,61.78692091015646,51.846708924819445,75.0801033833029,53,Penginderaan Jauh Dan Sistem Informasi Geografis
STU_0195,79.69011559868898,77.46606010582961,54.235425734713196,72.95989525922317,65.39105297300708,95.40618606009758,83.46210505925302,86.8612298836976,67.77506058130346,75.91634791731263,27.082032779084297,72.65543346076639,67.7340753032857,88.67046466115234,66.96003602614064,61.759695411569545,55,Psikologi
STU_0196,80.83984337670545,70.8823196817094,82.41329214047009,45.651744405631135,60.126273814992274,89.53508712554468,68.21247158894384,73.82577910225436,74.70308751204047,71.79887763869908,46.8114339486625,55.06288071460797,63.84680881106897,47.563099603654955,80.33775069780388,77.28508667910069,15,Manajemen
STU_0197,86.84703039531837,60.8090544698333,62.447603254149904,42.134202079634335,95.94072737093333,81.43261436740973,100.0,100.0,59.35203017083479,76.5514735675682,44.72044505112108,81.59639301973206,55.91104641111384,65.67914263102747,77.38241579041797,96.14963920835443,14,Keperawatan
STU_0198,79.65588016919396,62.599904139812494,60.39302533396879,42.41414769509878,64.71529172274498,61.05482041363942,63.20887251956925,71.46633605736451,65.60239572839943,63.45674153108795,46.50078712716384,69.51522952746782,75.65615290178114,71.18882891108092,51.79232541185809,63.506994043866165,68,Teknologi Kosmetik
STU_0199,65.32930296412847,70.82813538292997,67.21231371710878,69.95998373064889,67.15117266650157,95.4086786877303,56.586777631536506,76.86664317456709,56.18424929535414,69.50302858338951,49.3018659284174,71.6364810302283,57.80829345223778,77.01765658310661,79.40637990168648,76.68431843817656,39,Pendidikan Sejarah
STU_0200,69.30785469715832,73.88121423089342,84.63621336889597,100.0,96.96513827557122,71.65252580876788,53.873842615785165,61.9896938475766,43.54277559190199,72.8721398262834,84.11654754581002,100.0,21.69417345507732,50.696142987941336,40.85420031730244,81.16003668505839,63,Teknik Listrik
STU_0201,62.03600603560406,90.67443233685574,69.55975974563187,60.664186280540115,73.45158681151293,75.18678388215113,61.97901805734404,63.36581440396225,60.3747551454073,68.5880380776677,34.549976966084934,59.07522224106028,39.015047086363346,100.0,77.84926715027933,85.40388263673927,30,Pendidikan Guru Sekolah Dasar
STU_0202,65.44289588473366,61.380220261679675,95.7742636222799,72.31621173716451,74.22581013343029,76.75106673217567,66.69628982167069,95.3355037462984,79.75437316746219,76.40851501187723,28.435419185718104,68.10083342315211,59.6901457794197,90.20662576001972,78.06263889941867,56.81124615314022,42,Pendidikan Sosiologi
STU_0203,66.50848926213568,64.45391362988748,86.89334631442671,81.03357772684792,94.2618206499734,59.461891993288305,29.302164929497017,66.75249120729471,43.383298866496446,65.78344384220529,85.16124930259792,59.473270955782056,28.810868397104773,27.76615213059246,60.187155407609865,70.64053024841843,63,Teknik Listrik
STU_0204,84.12053826213426,58.29607221765203,98.74388087331718,68.12463249196621,81.3170645654199,71.18092610849389,64.56941107842319,49.13596725486048,76.83851986862088,72.48077919120979,55.424690214468654,67.5087078520539,33.252453609145505,26.97194452544219,43.50993660021351,66.19910206660688,46,Pendidikan Teknik Elektronika
STU_0205,65.90116225397172,51.43406955921373,93.37436119750397,60.103292330229735,93.1651728439791,82.59494817999501,66.74308559106896,89.55293981728498,72.22675561791925,75.01064304346295,61.30228468405274,71.34631408415638,51.280740202824184,46.09295171416254,46.24980607189195,77.3202780374134,34,Pendidikan Kimia
STU_0206,77.51272486775748,52.09889097818427,47.09423514057747,95.5563706774623,89.48266980284181,100.0,76.14201831245622,74.26511151606415,68.6419369097802,75.64377313390266,36.649662958262695,67.95076192295485,24.56309879218476,94.89055486456283,66.56702667960737,97.1885522859483,37,Pendidikan Non Formal
STU_0207,91.30368837467924,82.28559787738014,82.44358208914177,92.32802141684635,63.91679277473468,76.24823135944835,69.23503243736886,71.47107543912304,59.91222903944321,76.57158342312952,51.66706421602724,89.151391715415,52.647917998339715,60.048484132983745,53.13700971072029,74.57052376874044,1,Administrasi Pendidikan
STU_0208,66.14551990919101,63.99093744037026,90.74428357945,81.69023505857999,71.41470720933684,80.8209045423411,59.716113395774855,62.0789185571023,98.75986721995613,75.04016521245585,45.87228714279445,52.39831112477425,54.08994179204983,91.44643372796057,88.342434801008,88.40501228393802,10,Ilmu Administrasi Negara
STU_0209,65.94991507758374,74.00650084543719,78.74826183694097,62.830607523277294,82.79734850452672,72.88640420605572,62.12074694218729,71.36561204453494,60.03255598163092,70.08199477357498,43.44988896834707,79.5569253177933,37.62932720041292,40.925737430597515,64.46631721859315,98.41370457957353,36,Pendidikan Matematika
STU_0210,78.0310791285491,80.83175688612494,76.62312543449266,100.0,100.0,82.47548157259186,52.56168523739623,44.41999362413576,71.3394987762869,76.25362451773083,87.43976195303107,86.3353212166393,31.82921720249023,49.186808347259785,68.9283880431662,63.61215717742123,61,Teknik Elektronika
STU_0211,84.2727544607881,69.74483744842686,59.869628686719736,76.49243028551122,75.72348518422653,88.01634567889316,70.23143830681363,90.53398775324494,66.43645795329925,75.70237397310261,43.999276546453395,26.746262287518277,63.19163300282447,76.22403659183863,48.82215711178081,86.0707622021777,32,Pendidikan Ilmu Pengetahuan Sosial
STU_0212,80.3943052543222,58.3087185778562,60.94562649731067,97.46950238091485,60.76290368080176,61.006443362252526,90.78508905074148,79.40118739171689,60.86904192849042,72.21586868048968,28.850018585490936,52.46719312698593,51.543533512935085,97.02237614177645,40.14629612157905,90.32358463305826,1,Administrasi Pendidikan
STU_0213,86.15414704895292,89.25718359442165,60.686908779074294,85.72315403142592,93.67068741546424,84.61286176619659,73.86714318696863,66.61676638395268,89.34618188822351,81.10389267718672,30.530300459288775,64.14736099662443,41.06757490040569,95.65372499714509,71.11296220143684,90.95996205055988,35,Pendidikan Luar Biasa
STU_0214,74.41811600104174,76.10904000818768,80.0295507436418,78.52778019003188,81.34748391760235,78.26075653270405,61.6966695858072,96.66013907045264,84.34132886735075,79.04342943520223,82.21214890907973,57.31531398741069,38.47044246994908,78.07129274539184,94.42686536498809,70.99157567556442,26,Pendidikan Ekonomi
STU_0215,76.48388375359535,72.4569295514539,92.26833657028129,82.23785544760341,70.90781069094936,82.39770921145544,81.45378200747457,44.50409452099066,51.532795441989165,72.69368857731035,85.46310235278737,79.93418591501147,21.608181506068057,48.94949943910767,55.56280678828253,73.36382626811668,65,Teknik Otomotif
STU_0216,75.20278775283194,70.46667596794255,44.689834793339344,36.29772003411375,47.668287453315656,74.2007694660646,100.0,68.16356421336235,80.13300127521637,66.31362677290963,47.50832554991368,47.87426310317554,63.01242307618841,85.9429243566298,34.45519086702225,75.49801737746438,57,Sastra Inggris
STU_0217,57.80809567052777,61.68762831847707,65.5230345219679,58.49647087125732,77.58948330183797,69.26073357112064,100.0,92.28658313212316,87.12574030632214,74.41975218818155,44.80577663807594,51.572782234590186,84.07067847128808,40.65647483680907,87.41113057935054,66.68635972365462,7,Desain Komunikasi Visual
STU_0218,93.0391933088072,74.29262940299138,63.395548193386624,61.45298272001492,50.75942584676191,73.68044232908568,82.07060230165028,90.63221071948911,81.8057638165257,74.56986651541253,47.32383515983679,62.21841460623162,81.6887898510985,86.48700911611174,50.49948779318886,67.54845600037795,24,Pendidikan Bahasa Jepang
STU_0219,60.819553061066614,89.3169652074733,97.58341936514914,51.888190147097156,72.00940301416487,94.29436667584429,81.18303738708909,68.63988997101177,52.353730325447415,74.23206168381597,52.33458512824902,47.16989031495132,57.228810601496036,93.21811284797892,58.417208789458506,67.66476720966219,30,Pendidikan Guru Sekolah Dasar
STU_0220,71.44470500423732,85.64250212222989,73.3968854667017,58.18737851336323,75.0665869979373,66.88600497834364,76.77196668940269,75.33965714816526,57.180868414379255,71.10183948164003,48.83533462187437,31.82347767048354,75.44298792693573,81.43723778415395,60.82634417538084,67.87095474149804,21,Pendidikan Bahasa Dan Sastra Indonesia
STU_0221,80.90883386344748,81.81495396770337,76.51213330393324,71.83413965900257,57.66562382812256,92.06604213541245,81.88530433403983,91.018781432417,95.19446917520497,80.98892018880927,5.789883369888891,36.877237054997224,63.66777351671414,86.45505619724717,57.19880641627326,69.51046612258047,22,Pendidikan Bahasa Inggris
STU_0222,43.51958335767114,43.106372867607774,71.25832124109375,71.2312333741214,76.64755703245517,66.54025938686908,76.12304752229487,76.64480166523471,63.716186643883404,65.42081812124792,62.68727934352105,73.79380299432718,33.42200372836904,48.54116576810615,58.36974340334107,68.43433710857626,3,Agroteknologi
STU_0223,70.09087965633523,71.15750739334453,74.7204061948724,72.86770102988355,74.73161886696477,62.212134136844185,66.67879006133683,58.3004045459004,87.6894176956068,70.93876217567653,81.8803247389583,87.28236773022414,37.10344134720709,23.959294733488832,50.05811957243611,66.58313560126348,67,Teknik Sipil
STU_0224,95.40231156761627,87.38484536694173,99.45590784192248,77.93524449838164,72.85431660382348,84.74597549255076,70.7766829801238,59.601553107231794,79.10277430650024,80.8066235294547,24.732236697916107,48.45372984023178,66.02936720074808,83.09277117605463,79.97834763379365,64.35206365926638,18,Manajemen Perhotelan
STU_0225,72.63311792599976,70.71677062633519,80.98215807188468,63.53041342539079,87.55271953979435,64.02393645031387,77.00336657211197,66.52959570985166,81.53314078100877,73.83391323363236,84.78601226933115,84.42293791203073,27.802194347360462,30.719922389841546,69.16769094942573,57.472238648584366,45,Pendidikan Teknik Elektro
STU_0226,70.60509963026185,69.99774600151405,77.30039843407418,67.89957210709821,97.14477670210255,67.35887655177947,70.086958978705,77.57828772001031,46.74564072330162,71.63526187209413,64.47871462545785,99.41217713406269,33.39535421408982,39.07668631249708,58.38403150020227,66.9166127441852,60,Teknik Elektro Industri
STU_0227,87.89022470614765,61.99180880569452,95.35524254125097,100.0,83.04268007508867,72.7979515969972,80.40636981360088,54.89906911706809,50.13676247518325,76.28001212567013,81.10279052829983,100.0,17.51454041263286,32.789143526653966,33.95097324796775,51.858727376772784,60,Teknik Elektro Industri
STU_0228,92.31402013383871,82.31183857592364,75.22623923015242,96.51795740023445,87.4444535401447,75.99305273374266,90.53157202990045,58.437876506810284,61.426790740696596,80.02264454349375,67.95606545993837,83.1473638531468,40.25117181275096,39.41164790994356,58.07567902746203,68.97021565538694,44,Pendidikan Teknik Bangunan
STU_0229,71.47433248761057,69.6641266493707,73.94125479298884,79.46832442174644,56.658268761406774,81.71517028589466,89.00535885064848,54.781476895320964,67.34499470389592,71.56147864987594,38.85953996213336,71.81308492503283,40.27322348449562,49.16685089681801,82.57815883678542,78.8386336832941,17,Manajemen Perdagangan
STU_0230,85.74633996006865,70.13367115647868,72.51984637502709,69.8184227040731,58.76176574366616,90.22561920875327,57.98230364438533,51.2164196315493,95.94119738535893,72.48284286770672,23.532127046435942,85.03706700762491,44.70004738738326,73.70557683397466,69.73504895942048,86.73212160756033,16,Manajemen Pajak
STU_0231,89.2447552128529,47.03354100121028,95.98422823122173,76.29015426372185,71.76163867787844,48.51509642729058,57.89389011673276,57.05900991858316,90.34222359022425,70.45828193774621,91.72284447386149,65.27539566690018,38.97242538157976,46.38448300991679,51.9490224230472,65.49642252798668,48,Pendidikan Teknik Mesin
STU_0232,71.26904788463473,70.4037337009012,82.31247925297521,67.3658918177666,68.87880458089097,76.00242664025465,90.9578981577099,60.27537120372458,84.62849903787365,74.67712803074795,45.89443526201202,77.83951225272592,99.04891119789707,65.75615687411955,72.38739635779972,57.79396837831088,5,Animasi
STU_0233,72.66126784141385,63.25630755188003,68.80070455984959,78.7976901342299,90.83744571805894,87.73306007747509,62.074402748043596,73.50043106462648,78.53054828750385,75.13242866478681,64.14440957152732,51.63407459677792,87.13252534036238,82.64806257321274,56.515950082543256,33.27447960235972,52,Pendidikan Tari
STU_0234,66.07606063959881,77.83266660247385,78.88826023649172,88.09842056261272,85.6241682387826,67.31725993578591,71.54449548186066,83.22563375562888,50.448185744387644,74.3394612441803,62.80126945185181,85.1277069187918,27.309237520743025,40.81109079913162,61.40495324489888,78.42590784447705,59,Teknik Elektro
STU_0235,70.87374510994273,72.0259062975556,60.044316129339094,84.05584169764244,62.77612940291438,62.220648973198685,75.81339193466607,73.30840581403147,77.49488266104584,70.95702978003736,49.36151207048582,71.00870123004323,63.75074608149291,89.8852649853528,75.24092248940178,67.12002138824131,42,Pendidikan Sosiologi
STU_0236,88.81463568942736,79.64036282527147,84.32589413205184,87.96272871958402,100.0,59.73934333064756,84.69991834430796,76.7444823750593,54.65381682464252,79.62013136011022,68.18153556724309,94.80241563438715,24.884777319882897,39.823027462087076,46.33644007449845,75.14631319862254,59,Teknik Elektro
STU_0237,82.93367018117084,84.91309055873926,93.05472596455958,88.80315627529515,86.21075800102169,71.90387249447659,68.56730145457121,79.32389763421457,87.06379301277497,82.53047395298043,52.237136219386,49.79357665503547,84.8222790001467,88.17730373173576,80.30468885598818,73.17942679707325,33,Pendidikan Keagamaan Islam
STU_0238,75.99896468645956,63.180628821028336,99.87422946753858,80.51286919973987,88.3944704824074,46.46135714197209,53.5785785700149,76.93412950394529,33.01106560767745,68.6606992756426,57.32735159068071,100.0,57.431400945834156,29.004148971118966,34.95695155444464,63.315499293135964,27,Pendidikan Fisika
STU_0239,73.15588623557002,84.19458708400343,58.300764165539086,63.68490876120245,92.3145383399476,81.17293195629752,66.11841013793575,63.44104698210503,83.2956612483529,73.96430387899487,47.36623336142806,73.1640788328993,48.187688553835365,57.33139523497963,13.569087276997294,53.23517295627444,31,Pendidikan Ilmu Pengetahuan Alam
STU_0240,68.7009633607071,84.78195031665955,88.60808945470502,79.22653802296867,82.82549460844879,85.90245268229978,63.082146860045356,61.156840738510624,62.88096201939793,75.24060422930475,54.55311247198282,50.43672887451571,86.77772782904184,93.3462801875831,99.61078731888375,84.93122371591255,20,Pendidikan Agama Islam
STU_0241,63.000745719543346,44.40399914859092,86.13781942238917,100.0,90.77358461964675,67.6658153122443,76.50915235073779,72.84471194471958,52.80478441609805,72.68229032599665,77.14629249376281,72.31041441549473,32.96886792018694,43.94928134452155,60.0341116131298,59.621304604398205,27,Pendidikan Fisika
STU_0242,73.54046326066508,74.36027418154596,84.80564126056281,81.38717596476464,71.71954742054965,60.3001906150708,51.96512150224473,61.41725885661642,29.952815669245396,65.49427652569616,94.87935898813247,72.11726560473062,40.99261587741973,30.01388580332371,62.76890654289763,78.66690504889297,65,Teknik Otomotif
STU_0243,63.21067907001931,86.8803751485787,74.70722091811407,55.9289558738917,65.0839657829995,81.45558318255685,65.67882323663716,38.931020749352875,69.4918155190903,66.8187154979156,43.167137842058644,75.29922598452896,54.52673117831315,96.58160308686855,83.50831379220298,60.610353187820756,29,Pendidikan Guru Pendidikan Anak Usia Dini
STU_0244,49.596204536948065,52.95804230891329,87.5946250680413,69.28654981409738,89.64975910654206,65.555419980041,42.44094101186725,83.16965817910366,74.97277832946736,68.35821981500237,82.10808167373764,73.0279775293753,32.5451202368901,23.079695605016592,42.80945407612026,48.337489354025465,64,Teknik Mesin
STU_0245,74.25597665280057,79.35741909326373,83.80226011292682,72.1219675322696,79.64856485351085,68.85832188583926,93.09213773275454,67.6483532531706,90.76061078471399,78.83840132236111,46.960865688268846,45.65251474973745,52.35228699861074,71.09302383720558,63.95795005735241,73.86451448820853,1,Administrasi Pendidikan
STU_0246,57.50132597159825,61.38838461506463,70.4341912831159,91.32715260516798,79.31674690457254,63.41540513936681,71.96599982999625,67.01379912674817,64.06295410873051,69.60288439826235,22.287194898739337,69.18269311551954,65.77089711298675,82.56970927522204,63.66043544004425,87.43305181255508,29,Pendidikan Guru Pendidikan Anak Usia Dini
STU_0247,74.31609169960835,55.99165783640507,43.82643778018357,66.73847185009994,37.87479681648833,82.67613732525056,71.02337920247689,57.92612673582184,75.83223767928075,62.91170410284614,48.65834835348629,71.28779097594354,69.0614309276707,100.0,79.6181718265241,81.72778361261761,42,Pendidikan Sosiologi
STU_0248,61.73859942564423,69.90841518875278,82.62829463575176,70.16584753037735,80.71538378319657,72.79287006174434,95.150641758892,74.95842125974778,79.94177322366693,76.44447187419708,41.13641367629835,68.25052957369019,57.096190901100805,56.31211601908869,42.655315785875715,64.57660753705747,25,Pendidikan Biologi
STU_0249,79.95617546421495,75.3688725217308,89.41730923048706,97.62295001429997,66.39507643850477,68.3013233332627,88.92682012256351,61.342126939523666,65.85326394554333,77.02043533445897,44.357076892360624,59.851233477182504,47.045094536615395,77.14842700210617,100.0,67.16629818996236,17,Manajemen Perdagangan
STU_0250,85.7206753473373,69.76793738529604,61.00013741411602,92.58717299418952,55.95776066093637,90.06604027501984,85.41028239786098,49.70745526955211,83.73688125860038,74.88381588921206,59.44437004245937,78.74511139772535,33.23003211296883,64.78270084319678,85.54958366963182,81.27034877657664,26,Pendidikan Ekonomi
STU_0251,69.94631727232483,100.0,68.30451514292736,86.5417808938671,73.44462124584804,75.78050472934939,74.38931468215179,72.78817902894642,55.338250742508116,75.17038708199145,40.565629844923684,69.50069850722727,38.095099278767535,47.59437789877133,62.63812639843687,100.0,16,Manajemen Pajak
STU_0252,87.02311825359243,60.53315719483807,73.9481805003165,84.53755241400481,57.37548437566186,78.35967330959821,91.79465564679909,81.16114328974756,63.911235193729254,75.40491113092087,51.92631287157488,64.39009824067479,43.93900041354961,70.71721404847939,81.3942750155321,57.834328808321644,68,Teknologi Kosmetik
STU_0253,67.67048727906224,100.0,81.06500067166434,89.18201408338155,59.678762716731065,68.48618997649223,100.0,93.16010221162325,80.40670945226597,82.18325182124674,100.0,79.12949212117712,36.98212891010212,68.13207743683185,64.82631164937266,62.89379086655541,3,Agroteknologi
STU_0254,81.56467274511438,72.17419778075416,67.65608693719417,88.17422780148937,89.52221198096551,71.56687605111203,72.7394368852337,61.696983563350486,79.32740433630579,76.04689978683551,80.42114929843572,91.49758697475798,16.838569950607834,44.43924930339293,48.49314738366604,74.87832923231464,48,Pendidikan Teknik Mesin
STU_0255,69.66040810440762,74.63824191981944,80.20712512590715,57.12466968820865,80.49340147343926,88.01023604163562,71.00880323948871,78.85735755497532,77.11908021318266,75.23548037345161,38.62622293845864,82.26550100184642,55.85068783386478,74.24762123481294,71.96118609962248,86.52147753144928,14,Keperawatan
STU_0256,64.51807160112483,78.15746617095357,36.686420748976204,79.74408818930893,61.776995527498414,100.0,64.93000538975843,57.72980354439286,80.2873625929748,69.31446819610977,27.487986486334414,61.81723846154375,52.40413401308071,100.0,79.68737476185945,100.0,6,Bahasa Dan Sastra Inggris
STU_0257,93.49619467450705,77.56141649550663,61.03359500835357,67.70399456497846,85.7203883488036,68.80685173049073,67.70232615995447,68.23343619638234,73.88907513502137,73.7941420348887,32.05201668848716,65.33961595566575,77.10682466468633,73.5707772305152,61.8425836598489,71.71004587091399,21,Pendidikan Bahasa Dan Sastra Indonesia
STU_0258,76.37428057860026,75.53675588822517,66.56133215526482,90.48562614677421,71.02389920816005,69.22877235303886,55.45023937497726,74.20567512123225,66.27118797511638,71.68197431126548,23.81300637074982,50.87498160226352,53.479167570569125,76.41924135235088,57.68119084553693,93.90467368867398,33,Pendidikan Keagamaan Islam
STU_0259,81.36638808666311,88.20921578141056,56.03667734496739,84.92816833716098,61.070213785197346,100.0,99.83073562874327,74.52995563347893,58.50983177657942,78.27568737491123,35.17663406280471,46.53416114542803,56.68416437848263,75.20754525526874,87.60899890824057,66.08051813097319,18,Manajemen Perhotelan
STU_0260,78.05517124137782,72.4501135211336,70.55137339824145,70.77954554241408,71.3581071539989,84.47865077622583,100.0,80.50788679515301,87.40757097467096,79.50982437813508,21.141608243905,48.59837096539792,62.61577864461245,87.19672264447445,44.77079934356304,57.23624947924067,24,Pendidikan Bahasa Jepang
STU_0261,81.94719472708918,85.92414865860303,74.00472496292868,83.32762495538688,64.05780865094017,68.78986023879077,84.92807030602461,91.52848812534667,75.85718689203358,78.92945639079375,41.48987909165564,58.51741148700425,87.6497020946571,42.87733117465774,63.985046341198256,62.11911576389359,7,Desain Komunikasi Visual
STU_0262,69.30477286620425,75.57821408699354,90.37231097547041,61.852692887107104,74.1068846012988,65.10342699516156,62.197030228824566,97.8623637055182,42.34684167870576,70.96939311392048,78.08866226291526,82.9794654928286,18.142039827955088,15.546566275325844,51.09129067915494,79.0327288843551,65,Teknik Otomotif
STU_0263,64.15264105980275,58.156700727226614,90.24760977830903,84.78350627159493,83.09110558072537,86.54564586221476,73.89977221286345,66.87660656904785,60.27429626282747,74.22532048051247,67.84220042343952,81.9413829512151,57.00444400871626,75.00874156880701,61.70381098016573,62.910192683009356,28,Pendidikan Geografi
STU_0264,80.12293223147503,80.53209425142079,100.0,61.284565757161175,83.10657994073193,82.0235742697857,100.0,67.66887796405106,59.86537495811572,79.40044437474904,31.927800040974006,52.92975722301243,14.488283656507456,57.81614014823658,59.17123366218039,100.0,4,Akuntansi
STU_0265,88.45129098814778,76.69884356820813,80.3074731476156,58.66272855616213,61.66944274556178,99.38342523856706,66.44238654807779,96.53070727674483,70.59714321566787,77.63816014275034,67.08761502609661,57.319877945804684,49.542463391467685,57.522321627677385,47.708243855518326,63.35226841053345,28,Pendidikan Geografi
STU_0266,65.33662045322423,93.21632461595351,88.26761348641101,84.01419617633452,87.10833418365031,64.64835635205307,45.857176038206916,84.1263490387743,81.19521807083565,77.08557649060484,50.02745523372205,75.12153883238292,63.06435870341235,78.91080980341046,45.564860241694646,43.94966114999597,31,Pendidikan Ilmu Pengetahuan Alam
STU_0267,92.93435892811972,75.13107856945572,89.10656292039133,93.91521744418509,70.80126221364316,62.238130419712505,72.44955410391795,69.94627671884254,65.19849540945012,76.85788185863534,52.501786362124705,59.550587882001636,78.42844145782256,64.62642938292797,64.7450858355801,35.32349057355653,49,Pendidikan Vokasional Desain Fashion
STU_0268,85.84352265584359,83.78031854610353,70.01035283611313,42.932302310694396,66.45852465808952,75.3072231266785,83.70166424279856,92.0317911512038,99.62773426347844,77.74371486566706,43.97925314085346,55.74145895658216,29.669570134404545,77.35106578025133,100.0,100.0,10,Ilmu Administrasi Negara
STU_0269,86.12618024070056,77.3728806451667,72.16318137303345,78.41600626038874,45.87444670379735,81.28725287385747,63.88449755877869,83.85970048113256,62.53860440553353,72.39141672693212,29.502567264702442,81.65233865556681,90.71893554040554,71.9347174301375,71.32600970573388,68.81517753963595,43,Pendidikan Tata Rias Dan Kecantikan
STU_0270,90.66883899307095,95.52888057019217,83.62099248230824,62.468488948611785,76.86745067496877,83.20489316316593,61.725815570620505,82.2477352673452,64.69693282076857,77.89222538789468,66.14106305584987,89.79505314056696,34.04391493073285,22.443674418461537,29.208237388982404,55.1036016757185,65,Teknik Otomotif
STU_0271,83.02292019192099,70.74882208208466,68.77776581973066,69.93472609534722,65.34446824628057,70.78622236084821,78.44758226732793,70.24421645076788,86.77379170914467,73.78672391371697,63.45156685630374,64.93583337842361,85.37110501339,49.82623740181675,83.14070639777663,54.95140696111064,7,Desain Komunikasi Visual
STU_0272,72.42029302634246,32.24196284449787,91.50557060215024,75.93445216434537,92.7143986649484,83.85524424422204,74.78312423674394,95.84200432716658,74.32918716428316,77.06958191941112,34.80152121337144,100.0,33.43830292512846,30.88592006312262,36.345785317782536,44.39525661869541,27,Pendidikan Fisika
STU_0273,75.22226013411125,80.41628265634579,80.07255880626008,46.06255507367566,58.30258763867852,88.0823298022806,74.28222434427988,68.19149306397152,54.97996378639536,69.51247281177763,48.89952771025849,79.3467658615375,46.97158492304293,36.55846917114077,54.11417864983329,71.49889641289755,36,Pendidikan Matematika
STU_0274,82.23227447787134,69.18562531852311,91.59333182475198,70.88661825208521,34.09473772398807,77.95196229797779,71.76071410672854,97.27856863546002,76.02433314999634,74.5564628652647,27.04316414468982,60.94551621849415,72.00834944214044,100.0,80.92081086459814,91.53069191360937,12,Ilmu Komunikasi
STU_0275,84.47585514304757,70.43034657530936,74.0932743749503,65.17427365137732,83.63794527549283,68.40857143360475,60.152982891773064,78.34712236873861,70.66474027711504,72.82056799904542,29.352668090043895,41.03855180555772,82.14878515128062,80.31086824272681,61.7785560923949,58.92913600149094,50,Pendidikan Vokasional Seni Kuliner
STU_0276,73.55862966127303,67.75992550009549,59.43948869238676,62.207213091748706,80.62840472284967,80.68544839869412,72.42644517680311,64.82113347784397,83.31106676612079,71.64863949864619,14.738665743246518,39.35185246994699,100.0,69.27050971863459,55.36813397472271,52.68108370696147,40,Pendidikan Seni Drama Tari Dan Musik
STU_0277,81.48741171536878,94.23946387510699,73.1933554717897,49.2618548899223,86.05014548136165,52.54944136188696,78.21262664341374,87.41920942761533,78.53962314449277,75.6614591123287,74.41165711857396,53.54321405954361,46.18321450779572,53.159827225193155,68.0070515984273,84.24909504172687,67,Teknik Sipil
STU_0278,72.61741508727135,66.76206601951047,66.59816708557268,80.25476724860532,95.1587274469096,71.40551718297333,67.46304554707442,81.28019012452597,75.20330540715037,75.19368901662149,77.3389168469873,84.43155156946676,31.013878839846473,53.71521300218776,38.27086911624168,45.56535396572876,31,Pendidikan Ilmu Pengetahuan Alam
STU_0279,62.44698718272251,62.260177891751944,72.06592560357905,71.22706903465314,69.03620159824186,100.0,100.0,78.88771597267356,79.83760903670641,77.30685403559205,35.63744493160318,75.57394962124036,52.655325282439065,89.07821718249231,74.97024202652207,83.39425677320618,37,Pendidikan Non Formal
STU_0280,79.26577749513409,81.94698384433903,83.60390415567043,71.04608203605856,78.1627389533898,74.94114075056453,29.35699636485743,83.02016874679535,66.79214511463572,72.01510416238277,67.16281383904503,89.5646926467748,43.01231446482581,43.45089128304441,72.85299696873639,54.538597772928405,53,Penginderaan Jauh Dan Sistem Informasi Geografis
STU_0281,93.29496191355479,91.17380259859507,80.932066218328,61.79521036741792,66.41887399375263,75.06859048444858,90.06238202713622,69.06697600261282,68.77883271397809,77.39907736886934,28.23417232142218,84.66478329035422,53.85051813421492,63.02526836452791,74.16000981120652,91.13591972994826,54,Perpustakaan Dan Ilmu Informasi
STU_0282,50.65569766919323,69.43895740900584,44.94313135928486,93.17581550715859,58.7952358503468,92.32024692297865,88.2963053678939,63.2923254170312,58.14101068225157,68.78430290946052,92.18020755120912,67.29871239630017,25.023267790084727,67.40551557696475,62.30686427505558,63.144801709040706,9,Geografi
STU_0283,64.56540192696171,76.07339067838461,93.94937474053035,84.88098075327746,63.00544033832631,69.87043233399733,83.73029828953774,50.89854717335815,64.81247952963253,72.42070508488958,46.13618760248898,61.305644516464895,62.01639747549035,73.17501443234933,83.48641887611386,86.60773479645859,15,Manajemen
STU_0284,69.68805749768653,75.61258653954737,67.23761656737922,75.34030167413188,65.69345154518092,69.00000101190696,88.90808700084186,89.2307312729436,50.078840540003256,72.30996373884685,84.14738079084,82.4054180520838,51.16996102476887,49.71539119129461,59.020255549625226,54.099145814511274,9,Geografi
STU_0285,64.69971938219308,69.5414528399635,81.36315019862747,62.733369147337655,57.95039570595102,82.0550531403807,100.0,91.16204629623303,83.90060659070133,77.04508814459865,48.964874126158634,71.78309205551326,78.68852180884292,91.24455671062142,57.311225707073234,82.55977008417041,29,Pendidikan Guru Pendidikan Anak Usia Dini
STU_0286,79.71544272833152,63.01299854045993,83.74744576304198,73.52504683700927,51.67341658571335,81.46909520324023,68.48702990117476,86.45490737057379,74.0185596422817,73.56710473020296,86.7502252270768,59.46596321558457,54.07877609895768,43.26605917368886,87.64669862755059,55.66572472280758,2,Agrobisnis
STU_0287,86.46060479705133,76.8305513367988,80.09591793424897,94.28077225659008,78.30652694223147,81.47575744936273,85.86551978631978,55.28002286962575,71.70969471709425,78.92281867659148,35.163214538276584,80.11996131833742,42.06261801101596,66.02260988552398,87.30463877452755,79.48102807437192,16,Manajemen Pajak
STU_0288,89.3413335415228,80.93814161259229,100.0,60.26798189005992,74.46360455948425,58.014599157054214,47.10826993032578,84.39537273289099,80.95261536154298,75.05354653171925,32.0049013897018,91.11446882188214,18.470511115695516,30.709046637315698,44.32986119012673,68.64268234988604,36,Pendidikan Matematika
STU_0289,61.07683436327809,74.43681711637187,50.10414196059256,61.69171778130136,100.0,71.50890758717905,69.88059569334993,70.45070415130708,69.32186665963934,69.83017614589103,48.15786243448164,87.10734899619997,19.731260273537377,32.433482851143815,41.87076184492718,60.137241731584,36,Pendidikan Matematika
STU_0290,54.80051914001312,88.89887543116689,57.62500013011744,73.85061057320841,68.27924313813132,67.36349831232025,86.06920408822408,76.47044438139139,82.62264922961616,72.88667160268768,46.8984264380606,51.52511298611357,91.0436426109043,88.28230374674847,53.60262847727124,29.33187971756257,41,Pendidikan Seni Rupa
STU_0291,83.32442660598774,83.89405900779562,71.48227058393236,55.985765360623915,65.70673821108592,73.75245471287484,66.65794131515767,84.82369076840847,79.17357976083252,73.86676959185544,18.979374854877246,41.91798580949239,72.76790733754669,97.53473530942445,55.32339731767915,47.81637170043375,57,Sastra Inggris
STU_0292,73.1200242314114,58.699492533990416,100.0,66.07047572299388,85.64263500652565,78.72311108742105,63.20105734373442,74.92258878023452,84.97603891035047,76.15060262407354,38.191797296532044,47.84306310437344,86.40981873087078,69.70703123271264,62.986536497794745,41.00770772692667,5,Animasi
STU_0293,86.57298006739444,77.35051084163726,76.64838170968092,73.93762232525344,74.24928684859407,77.54452701007583,65.77757012899735,73.13599526537575,38.5835252675813,71.53337771828781,51.9059832767467,82.50895895315166,40.002658196763996,69.81739796330292,52.6974428327859,62.79198178572005,58,Statistika
STU_0294,81.39854352847256,58.774189746095495,100.0,70.64570745484808,74.12268878839514,97.51180666505705,68.37325393403228,96.67597045820202,68.23940356206855,79.52684045968569,50.35862774820908,39.95850864129851,60.26940494733193,81.81253813863354,82.43818700205321,68.23580805202026,30,Pendidikan Guru Sekolah Dasar
STU_0295,54.915814493202134,70.52833982644076,86.63659184617673,88.89093488010566,59.811540202105675,55.85744010183059,86.2786782288444,55.91551034078434,37.73991802816383,66.28608532751713,49.275033464473005,85.1382310304262,31.993730982669938,46.204373210514895,88.15283888972878,90.10385569996133,16,Manajemen Pajak
STU_0296,78.65289312957476,64.84008645555859,64.84678359904268,72.03722828406586,91.69265626662494,85.69078551720132,75.70649111553567,85.15542053243111,77.7606619458216,77.3758896495396,11.012088900190307,73.47666080362669,50.1983098985701,100.0,78.14150983614206,71.37331501796452,38,Pendidikan Pancasila Dan Kewarganegaraan
STU_0297,67.47128809372722,53.782215583980935,87.97649302899507,84.80830204502848,90.14489186029965,23.04449352734492,52.71216000863272,87.40576606630638,47.222288598259325,66.06309986806384,75.40444210999553,72.02743388996456,19.07471147319813,60.285422278472275,46.70338461786134,73.25077222392964,48,Pendidikan Teknik Mesin
STU_0298,71.45174409305469,76.33517179291505,54.91262060123168,79.56992810877047,88.23281544840833,73.35029937343255,84.4122791129755,79.03450157297951,65.49163803767522,74.75455534904921,42.43532860372133,60.61891957685842,89.75788017958476,60.26030466631541,58.64346415170618,49.177673061709704,5,Animasi
STU_0299,74.99144970916733,74.9623815804361,68.27959768302891,74.33744517068287,77.33057464322998,68.47539441645937,61.96915282316449,91.74361649458153,82.45768708378638,74.94969995605966,71.71806839363121,77.76732135473677,48.73795282426135,49.37205286012522,78.01327918801825,79.71661918105414,2,Agrobisnis
STU_0300,56.69105689844695,94.35035752012215,95.7587905402681,75.48914220998525,85.26499018200035,70.98013786295124,79.24528138820398,44.537989700619335,96.6852456422863,77.66699910498707,68.42810273554339,91.79567846480305,33.338635164067455,44.44113035692958,64.2309476747197,66.51695395320341,66,Teknik Pertambangan
STU_0301,62.446546979249945,78.6808889885496,90.90947364339485,99.57839631108267,76.30030029135978,65.51012144342221,50.889694864027106,81.820926946946,68.30193888704196,74.93758759500824,77.5272100715717,79.13828703867568,49.11203997939461,35.23212884974105,40.73243896558046,64.40143815046258,61,Teknik Elektronika
STU_0302,82.01833593340291,68.34018506002728,85.88276088682952,62.92981160511782,86.77565187196586,68.46207046235654,70.20311853968371,64.7275769259685,69.32343695517943,73.18477202672572,75.94966025233084,92.51759310133103,54.8214649494526,84.7032209568037,63.04761553081132,62.97430010531118,53,Penginderaan Jauh Dan Sistem Informasi Geografis
STU_0303,91.85219489718607,73.01432061843724,57.6902232203515,74.08020720716284,68.28975827125629,61.427912310564025,57.124182496056754,61.82162997461648,100.0,71.70004766618123,48.51443404871729,57.413002137047414,74.30874623183577,48.045339442810445,57.895095455241176,48.460412066321624,41,Pendidikan Seni Rupa
STU_0304,87.1682049116417,68.68277608901136,61.982134736759285,55.43107320689154,92.18648020816906,66.9966358760791,92.3651907036091,62.73423842674153,60.35748856994308,71.98935808098287,80.31977728328336,45.69987239303853,40.184874876974405,74.50418413002363,59.594822623228154,65.93043674886522,53,Penginderaan Jauh Dan Sistem Informasi Geografis
STU_0305,100.0,98.83529950330076,60.73650793558372,39.34094958021106,70.51199470602666,88.7651013817062,72.53467519278881,65.4573167589656,94.15576957037545,76.70417940321758,39.385963123279765,63.75286986783457,22.297153184956514,65.37178403139362,79.37757363476118,83.36402989041179,11,Ilmu Hukum
STU_0306,59.50052602117179,56.13918262643187,100.0,82.2059950424489,97.62416408283075,74.88337094542848,65.66527216019037,54.704101995629856,60.51769418861512,72.36003411808301,71.90938114625635,87.69226669291756,33.05112278896716,49.21403502992329,35.75984908409508,77.01579494251948,66,Teknik Pertambangan
STU_0307,77.09856689400722,84.37392914495908,88.92912062466316,59.29127349441079,86.1628150082708,60.577626447571895,83.64212654579056,83.05660420113729,47.241563516724945,74.4859584308373,38.10033426388404,52.79375328208948,49.85192274607064,84.83081240911994,69.24822133453814,77.89488298088075,29,Pendidikan Guru Pendidikan Anak Usia Dini
STU_0308,66.14176892117031,94.62511147955381,91.04753672592,62.80039731443192,75.06530497117208,79.33591798207573,90.39740099721296,82.5936143796162,84.77181239269652,80.75320724042773,41.11575095835292,80.94660852174016,81.05581658605783,88.41919683621774,77.3081442580084,57.748180624701945,12,Ilmu Komunikasi
STU_0309,76.43347774160054,84.40113311807576,74.36193564820564,78.74004347132009,59.84214643520058,89.1555074147423,76.68772821733317,76.76205938226536,52.30193980271598,74.29844124793993,53.55185485811555,79.71556503141393,45.56673710757793,44.65896093171422,100.0,77.1683610194468,8,Ekonomi Pembangunan
STU_0310,52.570010867988785,63.01010586123242,73.93525995965538,71.54991993566502,93.64150243181832,65.93581094570249,95.13151827681517,58.03301341683319,59.963505043853914,70.41896074884052,30.053002791925532,73.05777950013666,32.13484736134102,68.17333282635045,70.3077243125197,65.45229917312207,13,Informatika
STU_0311,85.5894505997076,68.83568372364846,60.42342063910687,94.14280998663959,75.4124381359808,91.35967750711738,72.9571638698928,60.14930193521148,64.02770315711045,74.76640550604617,41.82343717916511,86.61391228830244,66.92538657436526,100.0,54.77135880711076,85.70438732830412,14,Keperawatan
STU_0312,58.76906398199961,56.643753830161856,80.89404929464554,83.37874039138879,97.28245691344324,60.55202396777047,55.851106036213025,76.74981093012866,52.64697544061226,69.19644230959594,68.51174335132004,64.73793774317801,36.55943093036153,68.0509349793225,67.24548624333472,65.29747881535761,53,Penginderaan Jauh Dan Sistem Informasi Geografis
STU_0313,79.22719869067537,76.03930701759091,76.83620986425461,64.92660217690465,42.42080835256456,71.45621070045607,66.59991119947824,82.11291021257357,78.86934720146591,70.94316726844043,42.59903321031983,57.889977274376925,0.0,71.05774250719537,75.0050155653377,87.86027865685108,4,Akuntansi
STU_0314,79.1012143990586,57.22270151469915,73.9943751849013,89.35165965522356,43.32244608368607,95.9482673233287,90.59086484314108,69.0230599942038,81.60747159020534,75.57356228760528,59.41841074639875,87.04870039767215,71.97024745997308,70.36872724482771,48.98519070651745,54.617485961665665,9,Geografi
STU_0315,92.37351026570855,91.1812894986393,90.52938772275635,67.39097392569357,92.97795412060745,100.0,83.52680499995661,91.30407582037833,72.5773182592321,86.87347940144136,73.25065162354805,33.09828281774946,42.9913039295347,58.626767133093686,75.37555999218915,95.57040796832894,10,Ilmu Administrasi Negara
STU_0316,75.09320542002563,59.25435410909896,73.8757273821129,81.3225548614898,72.20762384823468,86.40995054761468,70.9016397044314,70.75431924313925,85.63567997191467,75.05056167645132,61.92279018661054,48.99413410354742,63.03769717611206,92.70536808188297,72.3775798136305,80.75330030091922,1,Administrasi Pendidikan
STU_0317,74.02982245711414,75.03459505564517,90.47071404269148,44.94374291047898,98.44485473063656,83.75352261674956,69.7838812613629,59.20874869025292,75.82409043805889,74.61044135588784,28.9657304063266,87.38987924075742,60.57145223954995,82.91653665658428,72.82335987889392,45.52316099138345,55,Psikologi
STU_0318,83.1986761774657,71.62237301489124,93.6677172618418,83.42627446005275,84.46138466055704,75.67115869198243,100.0,83.31250665162901,46.43095043151186,80.19900459443687,33.83348623917769,87.3474904375554,40.83243763189683,52.31116302477566,78.7053156232879,49.80772482697169,58,Statistika
STU_0319,71.95247746753493,89.9614446348675,73.57542624845357,69.42672138169738,74.79964976771645,79.70272862210727,68.77921769275498,75.2842546483689,85.02251507905133,76.50049283806136,42.93203811930521,43.67934414698878,43.22675543260317,70.03639361618951,86.13181849584649,90.51911132316181,1,Administrasi Pendidikan
STU_0320,86.71053864664455,81.7757895186716,89.79971213342236,59.265194480451434,72.08574129139336,87.05068376004895,90.1267616892026,81.578520079093,54.64622861662816,78.115463357284,41.55447567047256,75.72549217223266,55.219883945993665,86.10202909922016,80.75668104818322,43.639724905437006,55,Psikologi
STU_0321,97.48661991373382,79.98118646686571,79.48643724206624,44.61593752535007,69.44421351917705,76.87176409663435,91.1086469638264,89.92404650523646,42.95719108577164,74.65289370207353,58.77200752142578,81.46121948659743,63.588810894050084,100.0,91.22113874043335,71.75941588396046,14,Keperawatan
STU_0322,85.918709335802,84.97805881970316,100.0,63.976824117109636,62.70268943081629,93.45929651921739,69.88493201309848,67.00862105555187,70.69985647256853,77.62544308487415,34.735581631948754,53.61615280254834,74.71865380368648,100.0,62.78407539778563,76.10788625026649,23,Pendidikan Bahasa Indonesia
STU_0323,82.18585068480111,73.05237999203068,77.28275499594545,66.67425696947006,56.66134466658848,86.94261409679261,71.36700751063903,93.55653786698343,67.4374876538826,75.01780382634816,45.464919676578326,56.01626356981619,53.22826723114037,74.53157763319491,94.90022295666111,82.8330009874553,17,Manajemen Perdagangan
STU_0324,74.87941299272683,71.12359245813805,80.33485802857491,81.39490199596803,88.41125068641877,56.96826619411935,71.62752852948226,89.86432411115746,67.73807145324014,75.81580071664729,68.01668128591449,100.0,51.0246633216195,85.90851301643048,69.65386128394297,49.19836602356574,31,Pendidikan Ilmu Pengetahuan Alam
STU_0325,96.64848743700121,68.38593030293136,80.65291183665829,87.6104819576294,79.09077407955147,78.78876474583001,91.67238077833505,69.62120118635787,95.79262419619806,83.14039516894363,100.0,84.74924468074313,41.51817345483601,51.9974767268303,63.85255456064493,52.112993496250674,62,Teknik Geologi
STU_0326,70.65685393592065,84.74045426538797,81.85104136569286,61.96302548753323,41.52215454903143,92.4901395507413,98.59209112125271,62.71274809905498,43.14961220660615,70.85312450902458,57.73149831513505,65.90501291134953,37.70086320097079,72.96065666438328,73.05643967451388,100.0,17,Manajemen Perdagangan
STU_0327,77.32536257628237,79.69794816198855,77.26443368126496,70.29582054355978,80.80454154299848,53.400450263338115,64.37857992008645,58.03229472853097,92.87740920783419,72.6752045139871,32.238439594531926,34.7651792273396,52.511934729601364,90.98023909903947,70.95796950259572,61.022435819037185,1,Administrasi Pendidikan
STU_0328,78.00988874943741,80.02849051440327,87.37435993119138,73.59462570916318,72.84986291056256,94.5218374343677,75.51918774518293,67.12008432022625,63.61873286797022,76.95967446472278,58.54438065186065,80.30877602865733,53.174783150412324,63.96274930694305,100.0,76.06447486853709,15,Manajemen
STU_0329,51.79635550788387,81.3611097162299,92.07458439947109,90.16171798945746,96.68592370795213,83.19499046375297,81.18276126062972,60.095788575502525,46.94862222996864,75.94465042787203,74.98855954496152,98.28948316802742,31.62129680560876,31.685384047994873,58.845181515361176,66.0084705085984,61,Teknik Elektronika
STU_0330,75.58511830132429,89.1608147093598,76.00993767440144,55.27468355109093,96.00063341971361,89.86080801740289,42.068873470193736,80.44076078025022,65.62408563384462,74.44730172862018,98.4080264800238,64.42290112599176,46.84999128120475,23.095477270674394,48.35565816237433,51.21378308084854,65,Teknik Otomotif
STU_0331,67.73967155702641,73.46319506890532,83.78430935579208,65.72201295677348,48.14797733073816,70.42749115008507,89.38272722705153,70.6203633517932,62.149919779574304,70.15974086419328,52.485170711738064,31.539414756180605,55.57272673162245,87.56570552729276,58.98428674467117,95.7740355812076,29,Pendidikan Guru Pendidikan Anak Usia Dini
STU_0332,92.75706156669577,76.36837611330334,92.21121502166658,82.14096315771951,70.91734689903568,87.12027530929241,69.87597497459763,68.70838293474173,93.10863115598349,81.46758079255957,51.10806651403266,63.166837406625106,68.13340637644808,97.00155202904779,100.0,44.490037337714526,12,Ilmu Komunikasi
STU_0333,80.90696380717951,50.02569020927148,88.90974940974849,80.99093681235767,64.49262220069204,75.79998787799057,91.30026955470872,68.45474462835641,97.94185349662287,77.64697977743643,39.25776049592143,79.1863631363539,76.56141466742649,100.0,43.87714219592527,60.83363288458571,6,Bahasa Dan Sastra Inggris
STU_0334,82.89179695798325,68.67406868373288,75.73324106861041,84.76134613221731,94.54431027105622,82.58085448609583,71.8137351046991,64.60249167352211,41.61819507464237,74.13555993917328,46.97553516096455,88.69398847016662,74.81871249806989,48.22633425890844,59.43091806270273,72.158972434557,31,Pendidikan Ilmu Pengetahuan Alam
STU_0335,63.742219427450266,75.93382780018663,73.85855820045023,66.48063553931719,41.94939376663327,93.4848932763779,77.12641260266204,91.86584378827372,62.97255329859614,71.93492641110527,33.812579188330886,61.298368001481144,20.592712597338046,58.423381505373015,100.0,66.19829890649918,10,Ilmu Administrasi Negara
STU_0336,85.41377527108847,90.77985951359156,100.0,57.20384628873701,83.78487559113104,70.67258383068408,86.18366323681241,55.88363583399374,56.3212231402201,76.24927363402871,66.78993206968693,89.29303025728171,65.17673968007905,83.10528140778911,63.42513634951678,53.96965114997664,68,Teknologi Kosmetik
STU_0337,99.65801238772798,73.10776291902701,90.69818389846601,46.019457072565984,49.2209509561372,75.87055484421579,76.70393145814042,57.75727424350954,77.17015067001999,71.80069760553444,57.2620237966459,42.90167986018971,75.60164981111512,90.72912632836025,63.11238731743184,48.09422653568136,43,Pendidikan Tata Rias Dan Kecantikan
STU_0338,67.89640376298073,76.1840484187638,76.18268668113454,72.43106378571812,71.86540591862368,81.9872577840548,75.08115261385375,77.31964263694904,72.32375926977343,74.58571343020577,75.21513002388139,75.54711806925243,41.14402460064652,59.71357915194326,34.43719685055699,52.60029281917953,53,Penginderaan Jauh Dan Sistem Informasi Geografis
STU_0339,81.16308053812395,71.30422291884713,87.75174949309003,68.41668392480531,83.21258181237253,83.10525522463237,47.46670623686629,64.23767189021362,32.95133392759462,68.8454762185051,81.87789580245287,67.1228404366305,27.83783002352557,51.45769738569107,43.186534042430836,59.58475362884564,64,Teknik Mesin
STU_0340,76.98472409895459,78.52813504887737,81.56203329981957,48.138632074170474,74.41721592729355,63.27907546979831,73.26394404269352,70.71663909716618,98.09831607496878,73.88763501486027,41.443708363324895,58.07404726833134,79.31973207112551,75.73911022483861,54.024457838185896,63.8495906722414,56,Sastra Indonesia
STU_0341,82.89548291700777,79.61533303315407,91.12466073031227,72.96623703307104,59.56336229048932,68.95245012089032,78.16316529639728,50.54371942452084,63.20120011164942,71.89173455083248,48.097158891845375,59.15628439774392,52.44178536498557,32.01524871014987,93.63764610040445,74.04990670727157,10,Ilmu Administrasi Negara
STU_0342,81.29040250091363,57.66240231777801,90.58710133473832,100.0,91.26302510453151,54.797458974496614,70.18570500317563,82.22499703681679,60.95123254748239,76.55136942443698,36.48843255603754,100.0,48.91536306110338,51.894208087406184,33.762801291185205,76.93830274066704,13,Informatika
STU_0343,84.57609700910038,60.048679376818896,85.61279468724624,71.88386798727197,74.3471808848005,64.50424296115186,70.80023363822417,61.608150552103226,58.90494561837179,70.25402141278768,78.11555971288844,100.0,45.35442203547376,55.22897953335721,53.707680531821,71.46580313817347,3,Agroteknologi
STU_0344,78.30325201886137,67.55079589242119,88.32652905462861,38.4736297404614,76.70154783878249,73.21223081017877,90.53958912810826,95.1238316977716,60.99615576182124,74.35861799367055,49.52508264512136,80.60797336746663,74.31139029385984,96.57975460583366,75.35011948544314,50.13744570716157,20,Pendidikan Agama Islam
STU_0345,63.746817120989675,69.8347977168323,78.54983837818213,73.27531048758279,57.22690030331022,78.07527787421301,55.09004090183264,91.80320875077956,82.94715980503749,72.2832612598622,23.06731802720702,59.63785691136826,87.87553021886798,83.79665137759199,52.28685386891938,53.73789030557348,51,Pendidikan Musik
STU_0346,69.03339246647126,29.287330158386702,100.0,81.52500106020189,94.56907878960673,52.96124615383926,71.40012722166455,75.61045225189923,61.43269073590852,70.64659098199758,88.4225993310639,84.27855143365124,23.96548599422123,63.903324400900416,56.39874819090334,90.45228321838933,66,Teknik Pertambangan
STU_0347,58.66484024668945,62.97058253389661,69.06626170682337,91.00189124856146,56.70475130022359,95.8019471933249,86.13784348302288,90.00499292139607,60.98653691857002,74.59329417250092,64.03488808152,52.54936758611069,64.22346439122019,96.76005021479655,79.21000046827024,84.12588879504602,30,Pendidikan Guru Sekolah Dasar
STU_0348,60.86331286983889,79.6541090011162,90.23004907890476,81.95095840086583,100.0,55.12020550146568,68.9582064719515,46.51645706786471,80.57055822081556,73.76265073475811,80.86762835228156,72.88743004767657,52.35868133239499,64.17076569373586,67.64972966338925,47.31223665006661,44,Pendidikan Teknik Bangunan
STU_0349,78.82992213010691,70.58916993349153,87.29661550328129,81.01633512072436,88.30490665739055,77.36345038529103,46.870644874595826,62.359702854288074,62.688754706884325,72.81327801845043,61.424361577247616,100.0,47.791306918374545,45.7269605081587,55.443475519965105,65.88896582605695,58,Statistika
STU_0350,90.42970453856967,98.27606872278292,90.12570878781865,67.51055716811106,84.94191775435046,70.7728335689262,61.634124893820335,63.31249219241471,68.98550234207156,77.33210110765174,16.83220030543903,57.39100337381716,67.37147978975608,92.33301476134656,68.48241469502045,71.74359365444701,33,Pendidikan Keagamaan Islam
STU_0351,84.89593274524927,65.23565625898514,78.83744698246139,89.552815823447,79.41422622971407,75.33581200055542,69.03502945438085,85.30212778726084,92.277259813037,79.98736745501012,96.65141343658911,85.8510784037097,23.766118898752058,36.279832567189246,67.63563633617713,64.0818367686911,66,Teknik Pertambangan
STU_0352,62.73841980478591,80.54787248903403,79.85461216308906,69.72381778062555,77.27202889635986,82.89811734646739,70.18260724127732,71.49048564500323,60.23991202078318,72.77198593193617,80.2938678015879,81.05498177372868,37.518460360043306,20.125252567037126,36.965552695811326,56.04869448229279,65,Teknik Otomotif
STU_0353,69.2695715776827,72.80823657070759,81.60117023969924,92.20918059333061,60.87850360827123,87.36542288604983,65.74306664406632,100.0,80.85175291727471,78.96965611523134,37.165693400602514,54.10998160292497,74.56266360633957,88.16649654677079,80.18434727979039,59.27837338419756,51,Pendidikan Musik
STU_0354,84.6397896424556,89.70768806435139,70.73303774957729,35.56957465301234,21.191839655843047,84.3090708738184,76.83517954842382,80.17687236846382,74.9741584098771,68.68191232953586,42.722062088625336,74.68476737119647,50.82172206002447,100.0,51.12702682076772,82.65733377131988,21,Pendidikan Bahasa Dan Sastra Indonesia
STU_0355,61.84745404495858,53.9374916592934,89.41291027407102,89.14223484827684,81.44337230124788,65.21671915028384,79.0188365497462,63.7797096030056,63.11056333252187,71.87881019593391,46.03732248012562,89.67402159448073,33.9709626383375,29.441157409416085,40.60412990844512,100.0,58,Statistika
STU_0356,85.27318142410526,73.14184091121763,91.01791167777641,75.92185949786762,74.27057899473232,83.56557089547158,74.47705992378445,53.790201521427846,72.99000357124629,76.04980093529214,97.28649594556005,70.41744786725172,48.06949345291303,61.26198783315189,52.195539859498496,46.75680702926418,64,Teknik Mesin
STU_0357,76.08952678922742,61.42806218868088,89.76509371641973,68.31396877630998,76.9550463989147,49.91499118471815,75.7808206934817,67.64176698100178,87.52556028565942,72.60164855715708,75.20057790287824,82.85683836132746,55.93071298756799,65.35433889209332,34.36416611555606,78.27320344026307,31,Pendidikan Ilmu Pengetahuan Alam
STU_0358,76.15313727630375,70.83499422732167,41.52961711188447,58.84045039189907,77.14976561200837,98.59089157359233,73.73217001130689,81.93373288288947,94.52478156952806,74.80994896185933,39.484502639944516,43.86812995765128,54.35740484732922,72.97938093032577,71.08785005019782,54.68439433274451,51,Pendidikan Musik
STU_0359,72.14659923248819,54.994080862250584,94.66742220308595,82.14623539552487,69.52713901198264,83.05735352534772,76.97319698125038,92.14203304085316,46.98307675472962,74.73745966750145,74.21688002610739,74.35914200493559,57.45602125468073,63.66783845441887,66.44077039885576,69.91477787954962,9,Geografi
STU_0360,72.1584702360699,72.61512163247691,53.32621559725632,70.15556742871385,86.22456397090048,70.91800022617838,79.14773102376235,78.24181367545948,73.82999224405728,72.95749733720832,40.23370840183881,86.2712800197705,40.33831488203843,97.86636059126185,82.14669308144599,59.81925757605399,38,Pendidikan Pancasila Dan Kewarganegaraan
STU_0361,100.0,74.59808302757243,67.02440035685497,100.0,55.53444102376485,76.26138406929827,78.33508954421501,92.4869190658814,79.03634565177504,80.3640736377069,34.148398948540446,37.764953620862585,68.3270787982951,93.59907207711582,49.23684723418786,91.00662894600687,29,Pendidikan Guru Pendidikan Anak Usia Dini
STU_0362,50.59908585913588,95.47694668897333,77.64263366375094,86.24932663302258,68.29038814943829,82.28564664437611,82.31369406076388,73.37201196818586,63.99510814736318,75.58053797944557,44.016393250538584,85.85395969659146,34.11820744081885,70.7258874617012,83.88832126540429,78.98573229179453,8,Ekonomi Pembangunan
STU_0363,75.70044348981475,65.75369282515655,84.56794073156962,69.14207561094996,95.71098853937605,69.48196670482643,59.171618183531976,98.58228973897334,61.392263686278184,75.50036439005298,35.2012001186882,81.0579867561918,33.74038750923651,52.35348889899947,59.694070456977606,67.39409431435772,13,Informatika
STU_0364,69.132845359279,72.4637105542043,91.97054085170365,56.08774494302236,81.78651036795003,82.95898930546872,64.32676939288913,49.008998433038315,51.46605668473627,68.80024065469908,47.56627713629764,100.0,21.356650845095146,33.92758354637072,33.68369769189228,79.7524197723183,27,Pendidikan Fisika
STU_0365,71.27127764277743,65.02628602246408,80.82988076816378,84.30859473752642,90.12819846883053,62.990816055419565,90.10619293337763,100.0,46.31386324649495,76.77501220833938,46.158794283799,56.139165401077484,33.58311069761613,51.722305326633176,46.22101260925967,74.00090814871255,31,Pendidikan Ilmu Pengetahuan Alam
STU_0366,77.02035558125093,88.22719736208083,100.0,78.09187298196474,84.57225589134362,79.50649919311655,74.86471826275316,81.6853420219649,90.65065968037479,83.84654455276106,46.27012084252614,55.9106924622493,67.47195832734175,88.46763706611985,68.80639473995818,66.3426078816307,30,Pendidikan Guru Sekolah Dasar
STU_0367,61.76865465207746,70.01462841657302,97.04651498350452,69.47871640325192,60.899083977869054,79.41919086300672,86.4733270421912,69.89306738807214,81.76115747130564,75.19492679976129,67.84318126316248,76.72445476844085,33.52685855914534,37.40862104638988,42.94834613782934,96.96286026279677,36,Pendidikan Matematika
STU_0368,72.40098252281926,90.92169056167606,100.0,90.29435657568108,72.25964218202128,57.94096767613162,84.46222042256882,57.57698585580688,56.6674688038557,75.83603495561786,58.480618871105236,91.89830194818883,23.56943874851142,44.76088541463801,69.66818880487729,61.03594340477074,61,Teknik Elektronika
STU_0369,94.88021673515857,92.39478814125346,58.34736778163896,50.6585967623124,50.905443213364826,99.65205193552754,87.47454588610447,64.32415788528677,79.52626726508545,75.35149284508138,48.15721474251292,63.327610182452496,89.1145509143035,94.37753075029326,48.46932437320754,76.3644287309103,22,Pendidikan Bahasa Inggris
STU_0370,67.11653715694996,64.33927866283989,82.91572885116568,76.83965740073143,77.02195731079055,82.18856867677701,86.00407882604907,93.4549968565236,60.16234441190039,76.67146090596972,73.51575223918772,88.8070927028078,22.265078043939866,12.306453657362653,57.15347181132613,44.47606267716468,61,Teknik Elektronika
STU_0371,53.8266219332333,76.49208234956578,91.1364036740782,96.6603457338986,92.39888336959147,91.560584761007,45.946075134735494,55.16075527496534,70.59525334313899,74.86411173046824,97.0104244302753,92.18077609144503,22.208275495555327,31.64341652815553,77.33508848776634,53.64469241923963,61,Teknik Elektronika
STU_0372,48.47111800367969,86.0307805945275,76.7219512926278,85.84678477689688,93.26671641054779,61.93308472540827,67.71033154063323,57.830915801783206,93.5303714795272,74.59356162507017,36.73249397942672,83.56777705463533,37.49104098308551,48.35842112017565,39.824563321171574,77.96822420995372,58,Statistika
STU_0373,92.1642753634331,89.96439272490575,71.31275817577698,48.88510441531252,66.06612848722926,68.2023218790782,67.45724549038525,65.92965424932282,64.8515194598527,70.53704447169963,38.42089937843703,53.42142312709071,48.31710998475364,63.78317176629932,66.38823625128134,62.4227556702018,68,Teknologi Kosmetik
STU_0374,70.47724012122558,78.44724808769004,80.87610686280578,100.0,63.13354321853041,75.87421473747771,79.92557970280309,71.92622523599859,70.95265280252944,76.84586786322896,40.36150060922688,84.14339593408435,31.27911772071115,55.63345962566878,82.40094542418734,94.19731823076911,4,Akuntansi
STU_0375,78.31347688687067,84.09422099717891,70.28847648882117,92.97816903559689,84.41296025635503,82.46888542519433,69.01691493875337,38.688109155168696,59.56852188294338,73.31441500743138,47.807374870208605,80.79066153278134,27.267364621970966,43.58591716123382,38.2110588617863,46.756558493112685,46,Pendidikan Teknik Elektronika
STU_0376,99.272299930799,76.31343534377635,77.51326235037428,70.33279399105517,71.4059995476078,58.17240853965428,61.47783803212324,91.06337641583222,87.09461969730197,76.96067042761382,52.72172582405524,47.79520070279834,71.82413719096243,44.23255238424133,73.8257907574185,40.58148504370848,52,Pendidikan Tari
STU_0377,73.71539055015876,90.3110244114566,72.38230862147545,80.8612350814524,59.61718836123504,74.99537693574013,86.77982189941413,74.90213112536193,77.1837262585647,76.74980036053991,36.051463081301016,85.08798279538783,67.05759360025772,54.17438944398917,52.289983399670994,78.20474934664688,56,Sastra Indonesia
STU_0378,77.74270757290824,85.95144976163535,67.61335665109914,91.17934708461833,100.0,48.18682466934024,82.79962512865274,73.0155392256221,41.83349227627633,74.25803804112805,68.82763842738876,73.39957731156808,40.44723034735239,66.23500868627885,17.231471207998737,90.08130262747582,31,Pendidikan Ilmu Pengetahuan Alam
STU_0379,80.22846484369691,79.83274204749794,97.3964882049572,66.92895856225499,73.3137316132571,83.1650770675009,64.67040429844582,77.97764659727754,74.3107509616274,77.53602935516841,38.386925134089324,64.89092999859889,60.91074613430504,74.496068393892,58.65755089258761,85.10610678178642,32,Pendidikan Ilmu Pengetahuan Sosial
STU_0380,84.53287329026075,78.44149744817766,93.9518686164152,70.76487842597231,87.58648814002446,65.04003680507397,95.32693448102174,72.47837196778687,55.94757528676146,78.23005827349938,100.0,100.0,22.867801767124746,18.919317315670288,52.39702011488155,100.0,64,Teknik Mesin
STU_0381,75.01559147123282,98.23256690528054,99.87055627625357,71.28661616877146,91.85605352860458,75.73936981460213,70.43463720530023,75.532021733476,83.21929246041478,82.35407839599289,40.36378060411822,47.33697009825964,84.83971564614237,92.47704817466914,62.87829295019156,75.83571992020266,56,Sastra Indonesia
STU_0382,87.94770276167164,79.05560345111262,82.29436307193471,95.60500238666215,82.21127839684814,68.51736076967812,73.2166944205999,77.88374094671438,64.79443077434793,79.05846410884106,70.27215982508255,86.33248181165088,31.66086520984873,19.292070621499207,47.65166805044513,54.22591244753716,59,Teknik Elektro
STU_0383,91.19384430399697,72.54674920338216,51.159702145493746,75.16768643196332,72.0684366381236,100.0,85.27937324102528,81.66717752607414,94.05066548359548,80.34818166373941,32.02675381473583,37.674590909374594,72.77572900810704,63.04775400594809,47.1086583165184,43.41921033070004,41,Pendidikan Seni Rupa
STU_0384,74.426773971879,80.65940446184871,63.67368292585904,75.90625541824775,56.53149525195954,72.53278848237643,83.80915036576819,100.0,75.88861651230404,75.93646304336029,38.38742718183925,58.665373926611444,56.060948532421754,92.09686433388985,65.8553552682113,76.94825472979772,39,Pendidikan Sejarah
STU_0385,73.74277774609483,76.42142749243182,90.73323314836307,79.92995039182873,36.387298839658925,78.06762996356224,86.20554182912433,61.878356645645304,92.50692795128987,75.09701600088879,57.06362551755527,58.74014255683451,89.93249597881119,86.6307670513437,76.65339635032197,84.63768220489449,50,Pendidikan Vokasional Seni Kuliner
STU_0386,82.24674281540692,100.0,84.44869258335177,61.288760010683376,73.45017370267794,85.90173842183502,86.73740402306083,60.37155643250043,58.690547989564585,77.0150684421201,49.681847280161435,76.95072098707094,56.91529896880998,100.0,98.4325992537599,93.45996526863063,32,Pendidikan Ilmu Pengetahuan Sosial
STU_0387,67.98993074091993,76.77394764149771,80.40493734454805,83.546005797362,84.69851611138603,57.15336862802527,83.73032124614379,83.04383114531083,56.34127065141398,74.85356992295641,100.0,80.62266922870806,17.8494470818287,37.68292829003212,69.42403046161613,63.407177568245935,65,Teknik Otomotif
STU_0388,75.47565916721743,83.68968941301239,77.30932895014054,71.72214817803271,61.80329757989317,76.9379920786829,85.59708400061011,60.13659311590981,75.22463255153035,74.21071389278104,69.82046482071912,78.8586602275908,51.00354857135486,61.275308103469214,36.426381324291626,63.17105716328807,9,Geografi
STU_0389,82.6296999241243,64.55732899629709,71.17311576497545,47.79240732267726,57.574560340732646,80.6133594381686,64.70500098186041,88.82906178921249,60.645552762213626,68.72445414669576,78.47477169720483,82.73589396450873,62.49498771180693,51.787602969396275,57.16126560958498,51.224104716616694,9,Geografi
STU_0390,100.0,82.90610983616347,77.69669786698049,94.61701700768663,75.99302940110205,81.65909252512631,89.01314196041389,69.97577120763462,44.93831843631743,79.6443531379361,75.43905401542925,100.0,64.69445097366636,67.93268295010537,56.07856133501168,74.42818343546276,9,Geografi
STU_0391,80.1574164806917,81.5407117125984,69.7514738526622,75.93319218425746,76.86116503265488,79.57874895619689,80.76378873795821,70.16687285019465,60.268651116966666,75.00244676935344,25.37360710357785,41.23408586785946,78.07885950908997,78.14579231098976,60.52594559352514,81.46963294134977,22,Pendidikan Bahasa Inggris
STU_0392,85.9985311607478,69.87804538817494,72.32184007258279,75.22025136051573,90.90443013786017,72.83111659663533,93.70973173691326,73.59191764230386,43.208912852620784,75.29608632759496,48.09121028877755,72.8808865259681,36.88111426839052,44.77250892513065,70.60923177846227,95.16200674501069,4,Akuntansi
STU_0393,54.90971385470393,46.956478650301094,81.0002537450822,97.24439479180165,95.11192453421576,39.165288418190514,53.19624625297642,67.4615947745601,98.57529742656293,70.40235471648829,42.21103030729353,85.48877136103705,19.888707770810782,41.300949680234815,21.727135102297506,75.68012152191716,27,Pendidikan Fisika
STU_0394,77.1745402730858,81.64587180060157,90.18634107229953,81.33511428184585,84.38890880782054,72.8113978717421,60.24226980907454,82.4379450901092,57.49095493005019,76.41259377073658,63.73255022437358,83.73054277522282,54.86269595386777,37.577395893979016,49.12365795822114,57.35205615271951,62,Teknik Geologi
STU_0395,59.57100199613295,56.18273245312888,77.23530055440328,87.6346716799052,100.0,83.5730857085413,96.53778634340705,59.243263527554696,100.0,79.99753802923037,23.448102223083406,46.000332924474606,53.87469351880139,75.47458551567863,57.29506318687173,82.2701535243522,37,Pendidikan Non Formal
STU_0396,63.087318774122245,62.85033409826852,93.76194756421825,77.69714774731123,83.75837996522884,82.40565723107235,71.42393969376428,72.32524581573657,68.45873461293337,75.08541172251729,27.66218659333414,100.0,49.47018696351707,71.71479191440753,43.246347653606705,100.0,31,Pendidikan Ilmu Pengetahuan Alam
STU_0397,95.4384544217267,81.78654697827587,85.29664790782432,27.100940690365462,79.87481309140288,69.69357220904769,100.0,61.164818744868086,67.76685401719627,74.23584978452303,37.316098283984566,66.57522108764432,56.30277850105431,74.49567566698244,54.52203241837966,85.4132446333286,21,Pendidikan Bahasa Dan Sastra Indonesia
STU_0398,79.17411320962928,77.44298696553437,69.4182584857587,73.12308053602973,66.60922650239162,71.96038294740612,65.48478133196521,76.09336096717661,65.59235788356233,71.65539431438376,51.74908476157414,46.26941884607007,41.40938390480446,75.26240641855249,68.29685574782685,65.76960552694378,20,Pendidikan Agama Islam
STU_0399,68.19498599267563,75.81549796434956,77.02671442689392,87.56277853953895,87.5404937141453,82.42170596867338,71.28948175190067,84.64368982707164,72.71244147315734,78.57864329537848,32.958733158005955,66.02377241094581,66.99694150040351,74.27887983998912,63.10594988191688,88.69950476366586,54,Perpustakaan Dan Ilmu Informasi
STU_0400,84.75438232599899,81.34809088462006,95.00707719041996,68.98155952578807,91.05056879123406,75.64434410064152,55.705118025104014,69.53937260881865,38.70220645633651,73.41474665655132,67.0170275754424,74.06672759682701,44.52674180300281,27.524392686102644,65.05301988263767,65.4376661198505,44,Pendidikan Teknik Bangunan
STU_0401,80.41685839874827,84.96588702947963,80.01601501940829,71.0405174954514,51.32311340681666,92.30344180551765,93.3457348179516,62.44103868596495,59.455590999716,75.03424418433939,61.01899104475523,59.248541153142256,57.10534413024017,59.66967019282032,84.9445299457718,75.39446699746824,10,Ilmu Administrasi Negara
STU_0402,78.34530676897198,72.59373055752415,90.18193806350229,51.40617981212458,81.11760508102513,96.0133016488955,89.87974088594451,100.0,64.59474532185422,80.45917201553806,62.88268829639494,46.631890310310226,56.741493667998604,60.273656442140485,90.28370644379343,84.17864208800302,11,Ilmu Hukum
STU_0403,68.31162037788008,83.98283371518443,48.627023553746994,91.28393506268102,77.2356171759557,87.73978868792886,86.55210055457651,82.81199641778956,83.32694162382832,78.87465079661905,39.453182822382416,73.00313193628841,35.57873113432442,60.58938855128622,66.1466040914745,100.0,10,Ilmu Administrasi Negara
STU_0404,80.11064725999549,48.49570627704044,73.62081507280709,73.49953608436864,72.16392065579802,99.35794852957419,83.51125054855078,72.81334014148953,59.85940169580105,73.71472958504724,52.81083098149166,84.81547422906272,61.691083866307686,43.59439003651855,38.08485685166073,76.68039142982737,27,Pendidikan Fisika
STU_0405,63.35386157675998,62.686698375375386,96.89477918073425,77.63358736075816,81.41173257779268,78.6963423774626,73.17635677284439,83.48557135314337,92.27613683676132,78.84611849018135,38.858370407937926,61.767008837257805,78.74015903553219,65.61724703542609,70.8536655207276,57.07339146829895,49,Pendidikan Vokasional Desain Fashion
STU_0406,81.60748629841092,70.66676677808015,57.280948489570264,91.59943892917272,78.71708062201672,59.53034273195428,81.70268351325738,97.12035891068714,73.49157693217713,76.85740924503631,60.15290809630063,94.74882554958057,36.693864976294336,65.1847882486051,28.375087298182446,75.35122780685792,36,Pendidikan Matematika
STU_0407,79.4019620900662,58.28731699017164,84.08105540731748,51.926718465002196,74.95170685706415,68.23187196850134,70.24619792710324,84.05124897646061,90.21449399059529,73.48806363025358,26.697696087447127,49.95435039595041,60.91829803183643,67.02418682997525,69.1662928764464,69.71117637890383,50,Pendidikan Vokasional Seni Kuliner
STU_0408,88.09940823911519,86.72389145959542,72.50100888366751,49.38943522038929,52.60859346642931,76.74924281773262,69.20523466723765,66.70988317289579,78.83207723220073,71.20208612880705,56.04362888267153,72.55748744070068,88.507512418394,55.16696823951638,60.650037045830445,68.42865548963726,5,Animasi
STU_0409,88.16092769568294,75.9642888085863,86.46708417474136,64.9785715634236,73.60154776378114,73.36840753474253,71.18824234795325,100.0,99.6009594291202,81.48111436867015,27.897495291041558,69.89872036884509,74.18597970366704,71.2158804151169,61.04614268244844,69.19820233832793,56,Sastra Indonesia
STU_0410,60.60301539596271,68.7563629498085,85.08136150860238,83.2918909783972,72.22776370853457,65.18757486538136,73.65127728930018,63.457450477299865,42.54738243589668,68.31156440102039,39.16382604540506,88.52657502542475,36.14956070755574,31.5116857832327,66.75814437461341,78.83431888122806,47,Pendidikan Teknik Informatika
STU_0411,85.66620521042415,98.4233834197174,93.13767590403882,62.688576812350966,81.48239729046165,84.08369206444843,93.68309759317864,74.80644975557358,60.95824887107027,81.65885854680711,41.51882252417112,69.35944731612786,36.897155893384436,60.38269670459542,85.72699043212336,100.0,10,Ilmu Administrasi Negara
STU_0412,78.83135028772992,85.31861121990445,57.667872739949814,66.4814767892811,65.01130930225187,92.0314019723605,100.0,69.80791982466395,46.89533806844017,73.56058668939798,66.48087130820305,48.043818217503,57.39160407256206,82.44617686778861,69.07415955762174,77.0716597739464,26,Pendidikan Ekonomi
STU_0413,94.1552083667177,58.84388801579952,74.4510890101419,67.4865412631202,82.43423578073173,83.51758537716618,64.29194528803637,83.55649826179742,68.67315284018551,75.26779380041073,49.37345214945261,62.36302145166614,69.96488159456672,90.41678290893759,87.87356883648783,69.2001848338321,32,Pendidikan Ilmu Pengetahuan Sosial
STU_0414,100.0,81.77439958666466,90.35191551711955,48.80935485294084,74.73227608658338,68.99559946954143,84.81277537933141,85.94922705187719,85.25971014635611,80.07613978782385,25.198431680579674,13.397150117534103,60.988727800467124,95.73273016361581,39.99973038270541,64.4422656214776,56,Sastra Indonesia
STU_0415,93.04398704583573,76.01133692393542,57.360760037105294,79.93247211666052,71.74122460703636,80.97945214465965,64.2394065123288,77.10743110544603,75.20345075371245,75.06883569408002,58.335582656970445,73.61243025606824,20.28960588277627,49.2896838607023,78.3177484239243,86.17693504559671,11,Ilmu Hukum
STU_0416,83.22508116225717,82.82441766634842,64.46021844762717,39.729019220518424,55.73162236792242,86.30330259961133,86.98138124754036,74.78909947125277,91.88200537244387,73.99179417283578,23.046244350727402,48.80062961487871,52.720961319492986,88.36054411236886,27.905194462150313,48.98829310713727,22,Pendidikan Bahasa Inggris
STU_0417,81.97114756201007,95.46099794514258,67.10043660328046,88.5453613211183,67.67214878836815,89.77954511184704,97.70134837171827,72.48544082844433,80.62066785053008,82.3707882647177,31.633975359060592,43.165606113505746,63.702332115303,98.34520743065606,68.22348101653162,86.82411191102946,24,Pendidikan Bahasa Jepang
STU_0418,82.02110727242467,56.041375517106125,79.09256718513943,57.88565406759173,60.49604894599155,67.52516953998672,76.58335206357613,79.86831250868671,68.2748135506222,69.75426673901391,60.46636110247563,68.74582365191563,62.11066369514523,84.5782770471435,58.87010217363058,87.51049910511011,33,Pendidikan Keagamaan Islam
STU_0419,63.55984423802007,80.23017104306192,79.41055448406136,62.68910104611234,92.04676388181244,78.77729777106003,57.91680338245318,91.59432475540265,60.43552976281065,74.07337670719943,41.76057723809803,51.478588681771036,59.130135474448146,56.24245784739011,92.17382541314089,81.87956499783466,16,Manajemen Pajak
STU_0420,91.51883947936967,86.47252155492251,69.88028193472444,80.50464882616559,42.49735981071764,84.24855808651554,70.51795842969821,86.93440909283981,86.24480483563343,77.64659800562077,32.70611328861251,71.2602951149718,22.89178421156516,85.90687357357825,53.05898038534589,69.62883371380303,39,Pendidikan Sejarah
STU_0421,57.29663868626069,71.07158564761241,42.7019567617734,76.69712145707234,79.11551938695197,75.49089249924413,67.49106357702198,48.35631128955177,79.22947156776476,66.38339565258372,35.2858477062478,100.0,44.20975213464956,39.97943015597123,58.07443899691969,100.0,36,Pendidikan Matematika
STU_0422,73.78155748501675,71.41185619768575,64.57474602197043,62.60146077624125,72.0257974871834,74.2270225995987,54.25762579911104,78.41258186709523,83.83236002218423,70.56944536178742,57.4652138069839,52.794327343574906,76.37874574541146,60.106176332157865,61.03686767953366,41.526456653766736,41,Pendidikan Seni Rupa
STU_0423,75.54635611891332,80.32187662351386,89.13885841662906,77.69936549805463,90.21802209417231,73.73482831642492,78.27250674467906,67.48006529906266,74.8175442317111,78.58104703812899,54.97482052726791,88.58263937269177,21.475118966810776,61.80621051354143,45.294663013151265,53.695410317422215,62,Teknik Geologi
STU_0424,74.58183197197769,63.73895059379602,68.7090082256795,81.27841960464536,82.96737989529305,57.00618250843628,73.45533045453193,92.41131614150925,82.55345149896223,75.18909676609236,65.4217172978256,81.67356261589981,35.8162893554209,30.126906453301235,35.935742435468924,42.51235909181065,45,Pendidikan Teknik Elektro
STU_0425,79.62429465527205,66.63784749620598,83.94907084263059,97.00693652809949,76.10035617570765,37.42320513936062,72.19843899697074,86.99188246595543,71.02688761035017,74.55099110117253,37.267681409815104,60.46233463709711,32.67832612557866,33.76203532897751,59.19813049391503,69.68316974401954,47,Pendidikan Teknik Informatika
STU_0426,73.17431479923874,66.99665330794005,62.084587426248454,82.01696117626288,70.53040300316225,64.39405773100347,52.44835049352143,80.52158638336462,77.73500173142462,69.98910178357406,77.10581034636364,81.02902566725128,32.970260740044836,38.485522671637284,53.95899245508917,78.61097085048654,59,Teknik Elektro
STU_0427,72.15069563740742,67.31273390138261,100.0,54.10197864878238,65.36558378782391,81.67659828414126,90.24130162876632,90.29924903537241,64.5989928495876,76.1941259748071,73.051456004963,68.5516450191157,21.733684368176345,77.80091891831175,84.15716073112205,81.08146826594871,26,Pendidikan Ekonomi
STU_0428,82.48538080838591,75.26244090439093,72.52624958583178,53.01591163602501,56.230579418970564,87.8130661148783,59.262357601351454,83.64131051034832,84.18574018974549,72.7136707522142,42.31559022722424,62.39276536835678,78.53903746601283,60.25481681723573,74.59902150967437,43.60908063780157,7,Desain Komunikasi Visual
STU_0429,77.86525681892961,66.93387170856606,47.315530124740064,52.25800839856785,77.89478448165875,77.3492125992915,82.45419203373471,68.5611510785461,72.15171160819241,69.19819098358079,34.52069463699363,67.43437301214533,74.89342160272982,85.99240004366284,58.56930772480915,81.03698174788512,57,Sastra Inggris
STU_0430,44.99622838364243,78.4995252743704,82.88819992793658,100.0,76.21332826213533,86.65661632435523,73.45885563338234,78.86395388060612,97.34159578449348,79.8798114967691,57.69443590586616,90.73079329401122,45.80412970262289,66.82544921554333,59.38911983311499,41.70118639255735,28,Pendidikan Geografi
STU_0431,100.0,71.18530156660849,75.66901232481656,62.36512271801597,68.54700780830905,62.591901474275524,65.46046771056942,51.470628448499504,86.34134399370275,71.51453178275524,42.80370740230747,57.848380336781204,79.81733353131551,79.77183514568655,76.02044469192488,70.86947916551019,37,Pendidikan Non Formal
STU_0432,91.7038707407491,80.70251256319877,77.8227015172376,54.384226012442014,57.86646472442527,63.997339151236886,42.813666632655284,82.76639203329165,82.38371160091987,70.49343166401738,41.88095605103096,60.86119221020811,89.42966885500525,75.77472649798311,83.34028157935019,68.2758937139001,12,Ilmu Komunikasi
STU_0433,91.18618921890327,78.83956993050103,53.03669786671142,66.33058668582767,77.67539217252654,53.84323279214854,49.0392219353686,52.103846477723636,77.62787117118074,66.63140091676571,25.547900585083934,56.62604854095322,61.451023684525666,91.63602006284383,96.9932510103555,69.10863760120301,38,Pendidikan Pancasila Dan Kewarganegaraan
STU_0434,66.32086907418802,87.43235410956257,69.18946149468464,79.30721550522303,68.1831513916035,83.54183258456213,74.81159450144925,76.8894017749255,85.29989595477521,76.77508626566377,34.18399289519872,74.56593444833348,78.21756294806076,84.99328320427823,86.86414696329652,63.216547296753774,12,Ilmu Komunikasi
STU_0435,61.84305867932781,77.78247518555264,87.58350809424621,71.10245509114144,70.4016264904549,88.10658800003799,65.96314051764557,97.45138435935353,55.16618213490352,75.04449095029597,70.81625853254866,61.69807221153188,48.85707206217755,70.60543821342318,54.98616800454313,49.50878147827315,28,Pendidikan Geografi
STU_0436,81.92443264818738,86.43397950636057,71.51965424831877,52.31309520096192,100.0,90.14832016353418,81.52482288031467,68.32305307121878,89.43311627033029,80.18005266546962,52.581955977865526,61.39682338497403,39.38496850729483,65.02075388157436,75.03824187246778,75.14324136217665,39,Pendidikan Sejarah
STU_0437,93.0216458249441,87.23367407677601,80.04136395011966,72.50152866666598,74.6270169161911,79.0707729366339,86.42567464424,87.33006684354504,90.72393682838502,83.4417422986112,50.25543514552416,64.10547225727223,51.997818715882275,92.93076605343492,61.202313601113154,97.2167359815159,57,Sastra Inggris
STU_0438,64.31560246683011,81.16322178294189,65.73125106650409,69.78843661554782,51.21763580873758,78.43087272642063,75.42444684201956,65.5235297495689,71.35379983244536,69.21653298789066,51.269401835242164,59.908779260008686,67.9995346014827,68.80089234566472,64.53761314220608,58.83295298902381,30,Pendidikan Guru Sekolah Dasar
STU_0439,76.14931455699534,72.76203249211311,80.57443284241438,98.88320978446471,72.69529527749762,88.73032891526289,70.81499495344319,81.76609548213892,76.75954860271752,79.90391698967196,29.739750323835164,67.95388443170854,39.001502846555695,50.64668847914482,89.26825776397568,69.43796817682234,8,Ekonomi Pembangunan
STU_0440,75.91221873298318,77.58779840786214,100.0,82.00976004651747,82.34303885854833,72.53403082736602,63.26174465593338,68.13321780695283,64.05534513699152,76.20412827479498,50.85130400446454,65.06210510534464,56.497329192676844,52.06512966618096,57.31178007802879,80.20861428297398,54,Perpustakaan Dan Ilmu Informasi
STU_0441,61.93906517192585,100.0,100.0,89.68481486671895,87.83110417059085,55.53730395579217,76.05293799880477,61.9594533898854,27.482339771225845,73.38744659166042,49.681941112492304,100.0,21.761534962154773,48.9605126619626,67.8255078567315,49.568003521802076,59,Teknik Elektro
STU_0442,70.74258669880338,72.20604701984463,72.3640939196618,64.20826566245402,97.62712096063784,69.76522639552664,50.87852215032303,79.29761884857184,51.042217520324485,69.79241101957196,59.14133056186739,40.640537131727946,40.90298289719619,55.5930432256811,47.759766281259715,39.48998274835303,66,Teknik Pertambangan
STU_0443,51.60048191288995,66.86857827054678,68.94654419283596,87.16802271462078,85.57689666013026,52.14997110678331,81.5906667676636,40.912970525654835,69.21326037708482,67.1141547253567,61.25388033142962,85.16872150609402,33.949487505017764,36.99041153530066,35.6328780831284,78.0681470213305,27,Pendidikan Fisika
STU_0444,70.90267416552673,85.01029233269921,72.46950772227746,73.35441478114666,61.09869084733115,72.84268888616376,82.65584452848053,80.76066733854601,86.2347231450854,76.1477226385841,53.81547026245296,69.1748703223569,77.2314727522244,83.2911035055601,75.21563408662644,50.04753537109505,51,Pendidikan Musik
STU_0445,67.66837959283853,78.05721568072154,48.46987217357114,65.87716484181215,78.95516752493484,90.4802122711913,88.10317175565507,86.45688536425432,65.75894232606555,74.42522350344939,50.50193324604186,51.391551661554686,46.00418848091604,84.86804741906357,83.64407644374782,79.62031885907172,18,Manajemen Perhotelan
STU_0446,68.78478287992658,55.769199315490276,100.0,73.68589527227198,73.18869241532195,83.64499677718182,88.5104872004654,87.29654603521031,89.030707214706,79.99014523450825,75.94870526107557,64.21470431540186,70.71332921683177,66.67732773077435,46.93935052890307,49.95006815605275,28,Pendidikan Geografi
STU_0447,75.95517521073404,100.0,57.83692916190838,82.07382861234414,63.22665571750733,75.43959379515555,79.64276606508595,71.53536294694655,84.16719226019048,76.65305597443029,35.314649446731934,55.31082760494708,35.90334102549093,65.47139174032672,79.41709043884494,84.64925963955025,15,Manajemen
STU_0448,40.56240494870681,71.21934564762385,93.5349402081,87.72368133810357,100.0,77.39731433830845,70.39937116895345,70.68289829323545,78.45295428005747,76.66365669145435,41.09510136163603,65.44539003689569,85.02492746510579,90.25388519492287,73.90654978386486,100.0,29,Pendidikan Guru Pendidikan Anak Usia Dini
STU_0449,69.63259583436223,78.15843257770757,68.35382915881188,82.9580748932801,66.17225966465317,65.73545060540451,93.04059782223203,72.05471281186239,69.20778797756722,73.92374903843124,49.327823937995944,78.0361018401335,47.66078104956563,78.91341342873346,77.55508656124607,99.22653666478011,14,Keperawatan
STU_0450,59.512526551320086,81.69548645260618,62.26898754002587,76.6052252557588,76.81539963371314,85.55792301255512,77.31260136331365,67.75893310729435,56.062156329492865,71.50991547178667,45.22705500030207,76.87838294203794,53.97774355028553,85.38775645570504,73.32045308622982,51.551031689932735,55,Psikologi
STU_0451,81.31430593760196,96.30456659658674,63.36060096967624,86.65733489184285,68.01994220718592,77.11780895283682,56.85582278164589,81.56501868603729,81.12935080124794,76.9249724249624,16.57512952729183,73.17835341892093,50.35993086431811,66.90604748036762,96.80849743485376,95.75147610868773,15,Manajemen
STU_0452,93.94928688659884,85.00329266187482,83.1279706717898,75.8437396399941,100.0,100.0,68.00201324977049,82.95866223401167,100.0,87.65388503822663,86.10427301191896,90.4908415569133,45.403014256736306,67.04912482859794,73.19363075888269,46.27326076870048,28,Pendidikan Geografi
STU_0453,57.013488307559655,89.48638886121383,85.45191878969689,49.97553452365035,100.0,75.17131128844844,64.59270771197679,56.707866467807776,70.91974761276457,72.14655150701314,71.65694090101056,57.36645555258769,55.63671175519143,80.383477073623,49.277482472273974,85.12539044224245,28,Pendidikan Geografi
STU_0454,77.39599151727461,61.71166566493318,88.79083704728929,90.22221792534243,96.92551992045954,57.52564340482053,86.28624043583173,58.59684749362859,46.91457283741834,73.81883736077758,73.47111753132049,100.0,49.96066603911598,47.22576804330164,41.207480945608545,61.85347483958634,59,Teknik Elektro
STU_0455,72.42088590700995,70.08788644579639,67.52804131101234,45.213814145547936,70.74147205097555,81.1631574492372,88.38080183485309,77.18691522377569,90.70934524834463,73.71470217961698,52.946123358995635,74.96862350369595,58.18499025696856,83.81175642812762,85.68850773814647,73.35278500492458,19,Pariwisata
STU_0456,79.3750042873929,82.75277727142567,83.53412175136695,58.5740193477802,80.4102056022271,79.46964274481657,90.8223669224548,73.498805376498,80.56407403154408,78.77789081505625,40.8410617025028,76.24775709674881,57.98809220845075,72.82991267407276,82.57312437089655,67.53663195699403,55,Psikologi
STU_0457,83.23881296103812,81.89288536818744,79.23302914380707,96.6045995235155,80.75957434996405,33.92934230992764,86.34838695738891,61.14937051777264,46.32810459619113,72.1649006364214,78.71672134963202,90.70902390197838,37.0756707762888,3.1780632434606133,71.39667294225326,56.14715954378191,63,Teknik Listrik
STU_0458,74.6629314868425,75.10407910915475,95.0008356989893,75.81647487317524,95.73735822189548,69.17741138436313,61.738092095669536,71.23008908971651,34.59399420711461,72.56236290743567,35.163209583559336,50.40258955439208,88.80329876350464,62.62985617855612,59.68071918796693,60.36815330600536,5,Animasi
STU_0459,76.89712678292143,73.40132161567782,87.18105620427507,99.91191112926666,93.22189468569762,69.46814286535768,76.30217887525306,70.53898170786678,88.40785358784078,81.7033852726841,75.51637167985538,93.24229493214708,5.216366699512676,60.45957568796244,51.60217738144149,40.69952103588592,60,Teknik Elektro Industri
STU_0460,85.70838710460214,72.2222020046918,41.68773623121079,49.33635429903,97.50202365599905,100.0,82.93812475606565,52.98682571231868,56.782346448891516,71.01822224586773,22.2496477797068,71.6983855857964,80.08232210061112,95.52024971050119,61.19748204283182,83.76090280132823,55,Psikologi
STU_0461,97.31095048379825,88.0233476604392,87.32127871696203,71.2814836783199,91.6675396239491,84.40669370558331,81.25090255710435,73.49967860340278,78.45722115320532,83.69101068697381,99.32162842724287,89.71901490097369,31.549834157213162,59.89518028922881,59.58244608081837,69.81714344199897,2,Agrobisnis
STU_0462,90.43936183035964,84.19468141300936,100.0,88.1035665125294,85.54346612611326,57.68749089069394,64.06681460280457,81.5465323719229,46.00889373154874,77.51008971988685,88.45901893443192,70.23574033597352,22.51220151316269,29.4710165411689,54.27536689245542,72.11439419291739,65,Teknik Otomotif
STU_0463,77.08809218200162,76.80279588817626,84.86436044642473,75.40359081863224,100.0,60.27244143824714,85.8081840970191,74.46383181369231,74.03004794977159,78.7481494037739,81.61568493129202,91.23042595063811,60.24079066677802,69.81448596179595,57.937003920217286,54.99737663936983,9,Geografi
STU_0464,88.59878576012804,54.209558561313855,67.39469253580873,78.44914831864716,90.20558820028104,61.62075762339201,89.82749118217768,87.20242032065607,64.20178344578618,75.7455806609101,45.2490906122703,43.88824203707497,57.22997923539341,96.79893872277673,83.11191662349339,45.03060622427324,19,Pariwisata
STU_0465,82.5226164395872,61.456426215940226,59.49771863629303,64.59914166138492,68.40962534905876,84.57811083830423,82.53760536713858,92.053056990549,66.45304583169984,73.56748303666176,97.66740555463932,62.96502224519553,45.41332711130576,75.85374350898533,70.70163816514419,73.65902573222948,19,Pariwisata
STU_0466,66.55347520822394,59.280043873054716,73.35319836927398,65.69833118869202,99.21499211849928,58.08462418058759,64.79085810993419,66.60623338967456,70.0849027071413,69.29629546056462,43.477197917041,49.54901270509563,42.299274276174444,57.48900778778477,33.260940743274276,71.46691605456479,31,Pendidikan Ilmu Pengetahuan Alam
STU_0467,73.79064798869003,79.80752183581855,90.2188462779948,63.932904641742034,58.404261624819235,92.26161159903548,80.4436102465893,74.70462054433202,68.49928741786024,75.78481246409797,27.455312483864162,51.29381341823619,56.52241072959096,62.100878287321244,88.96081372960619,92.03724664678678,15,Manajemen
STU_0468,52.14485316356884,93.18252053514588,100.0,83.04825421467017,88.89784964419131,63.92892409753255,65.50472842721828,89.94981754406524,64.7409014292774,77.93309433951886,86.7395276275435,93.42731713061895,57.64518763615045,50.63327452589292,69.58576712361558,65.79125112113584,62,Teknik Geologi
STU_0469,89.21827413593391,57.59085895928179,94.48975414189019,48.1808464504894,100.0,48.9465224145868,59.73048759135338,82.52479609180855,69.05612201312073,72.19307353316276,70.05183967891911,77.7843944258592,31.075406976466024,61.169749916872554,39.466079741703865,55.17995019996496,62,Teknik Geologi
STU_0470,85.93477164340511,96.46352985996295,69.42914947002605,55.99790375808399,66.92314342377685,78.71509605294631,76.75676545210574,69.88530734843084,47.271235574318595,71.93076695367294,90.73984923313769,70.88392378696936,47.9637561643941,67.71478687148077,53.33663403713605,77.45615032779155,3,Agroteknologi
STU_0471,70.39948993118824,86.19984452743181,63.866335439862326,56.169274369665644,47.592578256337305,88.34485211611512,73.31601765364518,85.29268077048361,69.81527577851922,71.22181653813871,53.298400591791356,69.18758156046113,7.138720828300457,43.36528554275952,82.28176803704025,72.61121390494812,4,Akuntansi
STU_0472,89.4790490376505,65.56436291300243,79.18685337677256,100.0,90.94026616688167,73.5127019193442,78.33318880567883,91.70219589148424,66.52496023388406,81.69373092718871,97.56641661525649,87.56273439627094,27.56020159404325,37.53877799833098,78.61048895435032,61.45967177463011,59,Teknik Elektro
STU_0473,80.00360734929426,77.63107594501874,50.319151561400574,89.64153345353682,72.01883463906668,69.3333747726007,68.52088985928326,81.23820042610456,70.97093350441594,73.29751127896905,39.539147971970955,68.37779477025953,100.0,84.6714489567777,68.94366372305345,51.5328146353316,40,Pendidikan Seni Drama Tari Dan Musik
STU_0474,67.41355373773382,66.59246393871952,83.68747004866961,64.74134409188456,89.84572627498294,64.25907604421728,73.57433014604067,70.8197998053136,59.712069912631286,71.1828704444659,70.54122091399148,77.08600973075873,41.37910901234705,11.17008959765571,52.3329205964517,69.52333036089546,27,Pendidikan Fisika
STU_0475,100.0,88.28486046579818,91.66186936421056,78.51208431550917,75.97435199928168,80.07854872054615,66.78742292152404,90.3571048612762,68.41317061976457,82.2299348075456,86.91012539107098,66.65137050639497,32.413481504418314,14.416577390564008,64.6871326760277,65.39859875615777,48,Pendidikan Teknik Mesin
STU_0476,87.11400045019346,66.9819203002438,51.78006323449247,60.91480000096303,71.5193644397927,73.19027516335615,69.33150780062222,100.0,59.95208434660558,71.1982239706966,54.89596552699716,37.23974600203618,92.25949717279937,62.328122256877876,62.39934252212176,49.08372253909999,43,Pendidikan Tata Rias Dan Kecantikan
STU_0477,78.66675717962318,100.0,43.68231133166623,29.608098668446907,81.18404242202686,71.17653614690747,68.39511694072407,87.8015325596558,72.03277696744247,70.28301913516589,11.298340812039342,44.859953797027345,67.56121875838855,78.6791352761186,53.507651235246584,80.82031055435402,22,Pendidikan Bahasa Inggris
STU_0478,63.21610971803077,87.20399170280783,90.61078032296435,83.00753878523963,92.89428107579128,60.77030666874453,59.16114654305939,65.5632597353962,62.02852865767374,73.82843813441197,95.92434179037886,72.29407891998437,33.546140299084065,28.29445017338051,51.25513681536721,60.946218869703166,48,Pendidikan Teknik Mesin
STU_0479,73.22138012948854,49.09196969551384,89.98062174853006,99.83299644217071,81.9659600923619,75.40142252930632,57.811305676237616,72.92401333934123,37.498550176669326,70.85869109217995,80.90290820912688,72.12333724451288,24.942161569781774,0.0,61.690045852406044,63.939200998471115,45,Pendidikan Teknik Elektro
STU_0480,78.55956226164497,94.96067840091202,83.52659612974843,51.45204751096131,91.37054638997076,80.76639538320079,47.79816103459814,76.47077857128134,69.21961625817758,74.90270910449948,89.45746165632156,95.93833687948192,78.85805050704768,42.606495250340814,54.422793313059266,50.87328299058548,44,Pendidikan Teknik Bangunan
STU_0481,72.77481285667027,66.43484805631822,95.86878224143952,96.38648190263525,81.20800521567632,53.92988863952374,64.69338075437962,79.14681607848425,63.254585468561274,74.85528902374317,63.21464641711092,58.87658833247266,65.99891586446975,50.06165429172806,51.37254985373682,61.42555526826341,53,Penginderaan Jauh Dan Sistem Informasi Geografis
STU_0482,88.1999329736265,94.40329505831666,70.59590339960036,50.75081269519441,77.44876286253412,93.17981597991052,87.63166797728412,77.65042741818007,82.65517763373117,80.27953288870867,33.99506187748583,53.49590279449639,78.10915149617128,59.78521297812379,62.02439010193082,33.90758249248869,40,Pendidikan Seni Drama Tari Dan Musik
STU_0483,72.22689650957255,66.3584120353661,42.656380621123056,58.0961292819149,59.32211043241345,76.4387335938434,35.98083160554567,86.59863628031795,92.06673701443671,65.52720748605931,16.358217980025586,48.694932501106344,92.76554908170814,62.83377723664857,90.99429892448627,38.92020129017405,40,Pendidikan Seni Drama Tari Dan Musik
STU_0484,41.35000537743984,54.226189086777104,76.8868843888833,71.65368810659551,87.45663520251296,58.83698332689298,79.08222455084085,74.74589664242652,59.4490507324223,67.07639526831014,89.17753494707253,89.54202578701025,32.92731286179469,32.125623759436436,47.22584741912687,64.49019052948616,66,Teknik Pertambangan
STU_0485,62.50530357554902,87.29166711506608,52.97012130311795,65.99273303181172,85.75408324736564,75.2404289376934,90.67318737105417,48.54635871515645,69.49747277456578,70.9412617857089,32.59385024787122,49.539440551990964,88.76550424648705,73.66204367512435,56.151521448147435,23.74348394708,5,Animasi
STU_0486,88.460915496882,73.42792791575626,71.23283137404353,73.79952780197918,68.15488697078956,49.601646580560654,76.1550377500292,70.83029694775074,60.637601822861456,70.25563029562807,71.04612599625999,61.981454684683925,70.63725546536918,62.31241323836845,73.8090192820455,55.076979066313584,68,Teknologi Kosmetik
STU_0487,89.76862584882058,84.25103659174079,81.81844036238344,61.03047949003739,58.061838495881865,65.21044951426441,75.88689808295806,86.71864414675977,66.72243466568243,74.38542746650319,49.27151693946517,51.4147633292193,78.12428526619173,100.0,59.65263222226545,77.37030587490382,21,Pendidikan Bahasa Dan Sastra Indonesia
STU_0488,71.29883457815691,92.6624229111271,50.40231766821252,45.04273998396555,75.25153390504259,70.24633919393597,76.1004626112839,87.28905302606624,66.26402915433607,70.50641478134743,42.96013475839309,81.58392000593352,68.45203451824895,100.0,64.98660384983657,56.828668212691284,42,Pendidikan Sosiologi
STU_0489,88.15132300149536,64.09435788958287,89.43329089336659,88.95043034890776,73.83851039075944,65.90736492817364,51.632949831622895,65.78944282515558,60.484386471924886,72.03133962010989,39.466684337664525,96.55020597400312,16.663348990496786,38.42516351777396,63.74212358438281,60.85429831076108,13,Informatika
STU_0490,72.31632299504773,62.256444551807235,99.75070995076052,68.95262764351592,54.389363105677575,86.96827221979218,74.84940735230215,70.9351839910989,76.35054804418806,74.08543109491002,32.87194173111971,70.05559377644653,55.58431848850259,69.99916174295045,93.46011583177244,80.53506687158662,11,Ilmu Hukum
STU_0491,76.50655897040573,60.925361479606394,81.57374155636715,65.13904802339226,83.32799144218072,72.13135907084848,96.39014238263833,71.77510042324982,100.0,78.64103370540988,41.336160946693525,60.10081014856214,74.3781752737002,63.38697445807545,100.0,78.29351248712011,50,Pendidikan Vokasional Seni Kuliner
STU_0492,83.10231217802277,73.7368836231306,62.306762732521705,63.78512896530779,83.85211946458995,64.22433766750305,65.44980393480857,84.793997979801,75.87304688011147,73.01382149175521,82.34069341855619,66.42313267837955,50.648588369693606,67.17105828538308,67.82237823231715,62.65469751448539,3,Agroteknologi
STU_0493,72.1063045118828,57.935860713357684,73.59142097028338,94.13436881603982,76.31336070090896,76.16278423628722,97.2837513811371,56.392386988292444,56.00161240326119,73.32465008016118,67.03196843324298,83.99876641988025,70.58979784657201,73.01057696443995,46.43121858421385,74.14103181076464,9,Geografi
STU_0494,76.04691838311331,78.65922359209063,100.0,89.8552114133525,78.81980801291375,75.44508721548316,75.60242030561932,69.30041365845379,67.76026759722923,79.0543722420284,30.609842348398015,82.54085489338289,38.8613709256831,53.28687200578187,41.63200473694968,71.676962471138,58,Statistika
STU_0495,62.07198896990967,62.83603538465134,72.79641771800702,74.62019525953389,85.53181816327955,60.04567188735881,84.81772931919328,70.17799435505258,49.00233781565413,69.10002098584891,59.04163954122656,81.38715955142874,34.59552686404972,45.67459762195287,37.29764572736368,53.82713135081938,36,Pendidikan Matematika
STU_0496,95.0106724264827,82.00754877095007,76.03195751949038,66.94329383854723,65.27027254607788,97.13636991716766,75.88967554055127,87.66865737942386,77.78859688181818,80.41633831338991,45.16288391261046,72.30667216656765,51.77426593386926,35.060771980374376,60.00392621687682,93.74843182687263,16,Manajemen Pajak
STU_0497,77.30596065146888,89.66124435245139,73.70956002191659,58.09810405174793,58.12373069282047,80.49798108334157,82.81249777851968,91.51662496119141,53.233159020869884,73.88431806825864,41.29580704870275,100.0,62.320876406276604,85.71630256695684,71.2741950332826,52.34629568568077,55,Psikologi
STU_0498,59.11661521813153,90.0445581763402,79.77664528647276,68.964999082745,100.0,35.4047750002274,83.49850282736796,82.09567329226194,65.11286561951803,73.77940383367387,36.16208466533492,83.40926232605521,24.9750766112981,24.329279102970364,61.4707295859343,75.42516746140825,13,Informatika
STU_0499,80.05809976933088,84.83844567302737,84.43753887929948,83.64951832230605,67.11750718802716,79.56975102566426,82.2934908060367,60.053802852333725,75.67668586757391,77.52164893151105,33.05257891181292,54.24358942609783,49.61565180856619,82.81111117348118,72.18795610021117,85.24018772808176,39,Pendidikan Sejarah
STU_0500,94.8608389147771,88.46449368542261,100.0,63.118424757469896,54.9052510797421,79.58334373361906,76.16028164778771,74.11216308522819,66.21014252520864,77.4905488254728,43.93503678167756,43.001256493022794,91.32323138732085,64.82925900704211,54.001924831180034,73.35697600839981,57,Sastra Inggris
STU_0501,82.42934743760482,71.68462822796295,64.47962478779291,85.33800479590465,81.05555875257335,87.2688942659056,86.14890962076517,60.86767930332079,71.31478782384937,76.7319372239644,62.611228204401854,92.28725938489238,17.219507952088637,32.45960492193128,54.25644391317669,75.35085096858742,45,Pendidikan Teknik Elektro
STU_0502,67.13028452091456,85.17529676157154,39.86620648590147,81.1563340478802,77.15408452813071,49.85396971665331,66.72762342506525,96.91169430729582,70.4282346928406,70.48930316513928,52.22292727392485,61.350202955403105,89.79497289694719,77.561855037619,93.01782978688794,48.38343600128156,49,Pendidikan Vokasional Desain Fashion
STU_0503,63.66976018305787,61.835622261239834,42.96855060429291,61.76261587354335,91.95648516568224,83.79412811526531,67.25862614779736,69.6861763205244,51.16993615113128,66.01132231361495,69.04793955181192,40.1373034537268,72.01428862204922,76.78233032909884,81.99965474374206,77.71940203714851,19,Pariwisata
STU_0504,83.32393406432467,84.04936700626168,98.49436471293424,66.79421059875656,73.84433915444244,60.15324165834983,99.74139842150821,49.318656556350064,97.56017143944533,79.25329817915255,31.49776677922606,67.19981055195697,63.63014051217689,77.6944703526063,80.4620764383052,67.97672957795551,37,Pendidikan Non Formal
STU_0505,74.18209798058486,82.8095291968927,58.406770019291834,72.12969870811008,76.7058477434536,70.15395208080348,88.69093882978608,93.4971551018981,69.55492876045722,76.23676871347533,41.73065842733852,70.61228124630662,60.72727095376156,89.05322366003472,64.92121596865478,100.0,10,Ilmu Administrasi Negara
STU_0506,69.99264857739948,74.98620101989658,87.9300030696351,65.55819685710576,79.07941941797107,96.19976170108556,86.81100097833054,54.384894363160285,69.91554618213459,76.09529690741323,56.32201756993615,67.89009046174671,53.32785406242063,55.36048262114336,59.404386552883594,55.70379363073823,5,Animasi
STU_0507,56.17149586428549,79.12252177895694,100.0,80.95621819847273,79.97473473648172,86.80656432437777,70.48877456356722,69.99970488092194,38.62307152194434,73.57145398544534,45.28728708363927,93.21196635853451,24.92672415377748,40.57430101773511,87.05443322529439,74.7040310013597,13,Informatika
STU_0508,84.38096744269504,65.48799291688866,68.85148100983389,75.11881369236052,78.4930208669592,63.15774316818297,85.39949321453823,76.1116732853148,49.980083539066186,71.88680768175993,57.846795701770404,77.3629963276348,50.439557844527755,75.14245544695648,78.59365636609769,94.16876751865948,32,Pendidikan Ilmu Pengetahuan Sosial
STU_0509,86.49218915847499,58.63426769242109,80.3767168742126,76.59921651870323,61.80582271640802,100.0,73.63611557629869,73.1975451614688,59.61251954585961,74.48382147153856,72.6346482905483,100.0,14.09176868577908,45.44731791708423,55.77895344511524,62.035703829075004,67,Teknik Sipil
STU_0510,61.95199407944958,69.39374434067332,79.6968631550908,79.83562356235731,72.17734550344008,71.812223335027,79.0312534052941,61.54722551185824,16.865498938240492,65.81241909238122,43.039914586603416,78.35998803616604,40.10989363014992,44.48475573394023,77.26608729391302,76.7389228517022,4,Akuntansi
STU_0511,69.27267487176596,100.0,86.57340198586802,71.24303988394671,70.92557068084197,62.89431056190095,75.66567945646767,46.89925026789902,91.58072645375982,75.00607268471668,52.70317375149492,74.70369450182177,58.73786052468476,67.50241484698894,57.375593199682655,79.81854820863605,28,Pendidikan Geografi
STU_0512,70.6157667988628,94.2979682067341,48.963624788488744,88.77586451302491,69.73200127898372,77.26683204518781,75.90339096535524,82.11086197837749,75.44361815305757,75.90110319200805,6.200670399792784,73.10751352954333,71.76099153435592,85.97111453752947,88.9248219512081,21.938861597082827,51,Pendidikan Musik
STU_0513,56.87429739010098,53.51616892650996,81.76309283089324,74.13012589778941,78.0822361829585,72.46311354944419,71.1066692301039,69.96581557284435,64.9282068529837,69.20330293706982,96.43811505195225,84.46890241679893,22.44935192583165,26.51951877952393,39.48253299514035,66.00647002113121,65,Teknik Otomotif
STU_0514,63.964551388243535,93.5339339300541,89.39196348375593,67.23330213285689,93.6651192944119,69.3618635445066,47.9485976079227,85.082850937538,58.91690128899383,74.34434262314261,63.101675506744414,91.58593433681267,55.26995852689336,60.21924465013692,31.951733597376133,68.24717259338784,62,Teknik Geologi
STU_0515,64.85713165305695,75.38197058463201,63.5289943603927,75.53288871153148,77.8225667410405,75.39254707827726,59.90116807018159,86.76609942077718,78.06590181897671,73.02769649320737,23.43842323634372,33.148030567417294,65.56969405251594,63.643084310065085,74.847000875675,54.26169500612367,6,Bahasa Dan Sastra Inggris
STU_0516,64.5768428323715,46.99491926169091,78.89357479912006,93.56970097395268,84.44560054341076,99.84900476682091,64.8052059927946,65.71215562663781,77.00431359246079,75.09459093214,29.570932305931578,100.0,49.69267144163485,44.55733256317315,52.988459643834226,50.608283995395325,13,Informatika
STU_0517,75.87291994436679,59.09819725776117,86.17603012617444,100.0,80.32570631288723,63.02362717712331,67.16467803543284,74.44343971682278,67.49043167494806,74.84389224950185,57.96609633506559,87.65490956436754,37.930047587230526,38.754186105988126,52.877242082991714,65.30372094424283,58,Statistika
STU_0518,42.77867625413765,88.73189320082008,82.56096620233811,74.13894396852344,66.93686779686922,72.44130958628415,44.425332084089966,85.45065102437084,37.78617495933182,66.13897945297391,83.08685300811827,54.79108494445904,41.75356971381842,47.2313177804149,58.18307146906807,83.79324854022393,44,Pendidikan Teknik Bangunan
STU_0519,86.11508989301271,68.36796909220672,89.82098245815862,79.64038071393361,89.7954239268702,53.570881427973745,68.01607789617447,84.28956443734776,72.65214899572047,76.91872431571092,43.16506701787091,83.2944051352519,40.60702658219348,38.468446244228495,53.94692780043397,51.76128640457218,13,Informatika
STU_0520,96.90261489341312,88.1317853780579,49.43169249623101,88.06180113695778,82.24186929181691,89.81387826651823,74.47335083215529,68.0711661178436,73.91894126515841,79.00523329757247,49.735639129796716,100.0,45.27781836328518,77.23967048100882,54.23307062396032,77.88607328954376,14,Keperawatan
STU_0521,78.088194905577,86.97060625643994,73.49206437163726,69.8943863720395,52.07968711313663,84.73160431682848,96.97767959948426,76.73671382293173,81.54909474036317,77.835559055382,53.93449206109634,54.761207382844006,75.15941402842445,70.03391552067653,55.51433626233117,90.34847899751105,35,Pendidikan Luar Biasa
STU_0522,89.97861187166076,83.36769378929237,100.0,100.0,73.19474373920887,46.6334445154063,95.60515712739993,68.97510759316829,60.779225094365906,79.83710930338916,57.852487512723414,72.24861973905948,40.079647061533066,74.14995782500692,81.09349840704053,86.29239338927943,10,Ilmu Administrasi Negara
STU_0523,63.978614129030795,65.63676683172,66.84488528905347,99.71781477757851,89.61526277646885,49.89013062005867,45.51537132354915,75.945384080752,86.81527255635504,71.55105582050739,60.76236093843414,100.0,33.28908993804785,50.407484920081245,57.23279603314301,77.9564283767451,59,Teknik Elektro
STU_0524,100.0,66.79457629462553,93.086453243595,75.08296003252309,69.51741469921585,37.33056494298098,63.894220920841335,87.78541752337985,76.82437484954005,74.47955361185574,68.34446892901212,91.53549489399207,55.393202191367145,71.05231007677192,54.24337323880637,64.80834980399766,53,Penginderaan Jauh Dan Sistem Informasi Geografis
STU_0525,76.19697571180012,74.47203072283115,81.4612957486125,100.0,76.82599230302137,78.29088291150572,60.749406193622214,55.318722328154955,96.70260831368088,77.77976824813655,25.97746969294991,73.43840987581804,61.728074717301,100.0,40.371852371997335,61.770373380905085,6,Bahasa Dan Sastra Inggris
STU_0526,53.222150317477144,66.56174525511017,91.89036626405863,82.64686584870908,87.98371387541943,81.4593191475762,83.90120570089294,65.66865359916694,42.193705177126894,72.83641390950416,48.43859012901148,100.0,32.4760877996754,55.75753657145598,60.73530438635912,67.72784490192093,34,Pendidikan Kimia
STU_0527,76.11997483309307,49.82830789754752,85.50643521890206,100.0,99.50467519614409,71.92127487179692,59.92937423067296,72.73190575423631,72.3756933341684,76.43529348184015,54.7249106617147,95.0456959408222,26.327668484719588,51.28042528203864,68.91883713586267,83.98186486181594,58,Statistika
STU_0528,67.59548126974383,66.24028304732698,88.67380969830415,79.20619439659646,43.697437378384144,81.25775374957466,87.38666452052476,77.8052530234484,80.65485943257534,74.72419294627542,51.28647032355117,62.964679881613016,62.268619512532474,94.10830624757111,62.698494562017856,66.20394971569065,55,Psikologi
STU_0529,82.80948527011161,80.3751836326003,69.33415639793641,99.85087887182318,81.58835070603149,64.02402504667131,59.36283896017052,100.0,68.6310600543195,78.44177543774049,57.753272141917435,100.0,57.44608284546262,34.24042428745349,36.34117101191965,66.66627238917056,27,Pendidikan Fisika
STU_0530,59.467923014171525,51.04904567112368,100.0,78.88077939237765,61.83294147957976,73.54122395107058,67.38157436912456,50.77377147619351,85.03364406835301,69.77343371355492,34.788299031821225,73.6509722239392,39.58537109300731,78.7533165890286,98.37365452384009,68.76255374354817,1,Administrasi Pendidikan
STU_0531,72.27593138014372,85.54120230843192,81.57731657456091,68.36333682597254,64.92615033629384,92.57409614133364,74.80898121066772,81.12206268403745,99.01104065464081,80.02223534623141,49.455175029952635,55.53636225296112,93.95659697180278,73.62201089896534,96.14010114232774,64.68328260149153,40,Pendidikan Seni Drama Tari Dan Musik
STU_0532,65.7703396275542,96.53849936273065,92.28745369844663,68.66116575629349,73.95078587481045,62.61156183892135,69.00026011490084,69.95020421516965,76.2099494341464,74.99780221366375,70.40006800837412,64.2226949168209,49.0587991700418,90.04276397018826,66.32902614808035,100.0,42,Pendidikan Sosiologi
STU_0533,67.75437844610478,76.8122695162908,87.5185859575161,88.33455640456275,79.21836924741056,85.3666437616826,69.94061169467345,84.60813790009689,55.907620566286354,77.27346372162492,60.02512888406538,70.90931467050149,28.23318986190669,44.05047188736089,67.8184390695508,50.06338499970343,45,Pendidikan Teknik Elektro
STU_0534,92.27301941356171,64.23564667056044,81.46729091581935,52.177216186483705,49.43028735840815,77.1923319603874,82.17147949152796,87.73596382705702,93.25183724553368,75.54834145214882,40.70069132246209,61.914529618264254,90.41196844519136,37.506503343821805,71.51153697854367,76.8446985043962,7,Desain Komunikasi Visual
STU_0535,71.30362154259109,96.32693243753727,91.43129272492307,89.70774820437681,67.22213308296638,46.06518372025994,79.53895799172777,67.61664674615307,100.0,78.80139071672615,36.513326323365995,75.60889800087688,14.719216865682235,43.75633529715479,37.921180029074876,73.0119606841049,47,Pendidikan Teknik Informatika
STU_0536,74.50898957765916,71.24223195126207,98.06411040026555,79.42163381389766,87.8684349923137,56.32681852670369,74.13197371072383,71.09318836282974,61.48697044292764,74.90492797539811,74.00338446197686,100.0,1.6217355265018512,59.62487973706322,34.52849086131118,57.47488610273245,60,Teknik Elektro Industri
STU_0537,75.111941309997,63.96694811590522,80.27689431202968,63.46148185254265,81.66782949365586,79.29530982011781,80.07078422045932,74.76132743109251,87.07751035063923,76.18778076738215,45.19005191260465,69.01502317724834,86.86502090567373,95.88253745682033,76.44637240915527,66.6659127275725,43,Pendidikan Tata Rias Dan Kecantikan
STU_0538,77.20376345767053,66.72961433595974,89.27717573571704,80.764722864741,86.55336739789895,40.01053177558596,87.27421153171537,71.0413627277883,70.520090107611,74.37498221496531,49.907816305291156,79.41486408088531,48.13350403807372,34.61119682743444,63.38365998070712,63.00406871009811,34,Pendidikan Kimia
STU_0539,75.85746967686315,69.07919728041604,91.54074501013946,85.79339406051582,84.35961023583914,82.38902807716555,63.2049680039053,77.42281510054295,20.29841436021978,72.21618242284524,72.11364572477757,88.031325129064,32.20623372567869,55.87662889501218,55.4756327809778,69.32961162158252,61,Teknik Elektronika
STU_0540,62.58266522210598,90.99503735719384,70.86867457772452,90.67776144835727,57.53552685416478,78.85390288734826,79.97784693963057,61.129026151227045,54.83936323129938,71.93997829656129,47.77587307211741,77.74276328039853,37.62262711549698,60.74779935209567,64.3032887344809,90.69996163725054,8,Ekonomi Pembangunan
STU_0541,67.61571165806117,29.10892537740944,84.09217663007145,56.4236222668935,72.22238204250422,42.554115316071815,85.85577639916488,94.2489714692135,67.46502290801295,66.6207448963781,100.0,74.7052295158814,40.61814785041154,20.457903805482196,49.528611805923234,69.99085124309426,65,Teknik Otomotif
STU_0542,90.9002329759953,70.29256222573778,82.1622808560169,47.57104114801814,94.52603503001629,89.28536210301053,80.45652572227759,97.2398142602006,90.37852449422041,82.53470875727707,32.23917557633367,21.331102968517662,69.5816976847454,100.0,49.53018108725988,57.469123034585394,22,Pendidikan Bahasa Inggris
STU_0543,80.30106312447879,92.06910913622143,88.65289607558492,83.39968578831423,84.79216138148001,47.56934943717864,62.42611539300593,72.87177346051483,65.91178058751954,75.33265937603315,39.41647082879391,67.68742256796745,55.76076341484925,81.59833418395212,60.195963215475466,78.51919297776685,31,Pendidikan Ilmu Pengetahuan Alam
STU_0544,92.97654002590227,90.79979533285847,70.05288902892981,100.0,91.1878753609611,91.26784912884669,91.43819146715316,90.06330876320452,73.6932671640481,87.94219069687823,78.11543025826472,62.300429185493364,68.68604036439804,70.68920872357161,76.49996829419126,46.173040077752866,68,Teknologi Kosmetik
STU_0545,74.11673218310078,79.27571312675958,76.2292393870381,60.1828016889782,42.41892136467354,81.603125997691,78.26131370936655,66.9637244526978,51.331577208777894,67.82034990212037,45.35006650275096,34.33291679250977,81.35453915189929,64.93629157381727,74.9245993214427,64.57600136159483,5,Animasi
STU_0546,53.90592120402661,57.60424382858325,65.42235579405357,91.98136631266422,79.98699082001914,72.55248401028854,89.46812357986747,64.12144847617677,84.18744707901499,73.24782012274385,57.556874172904855,54.52118226988421,54.947587313775216,71.02704034438887,93.96384827643925,100.0,10,Ilmu Administrasi Negara
STU_0547,83.75642276154869,87.86963004241434,96.189485634754,76.63930930010704,47.213668807011786,75.34806857951877,81.67826862231666,61.93309868910609,70.29029871068582,75.65758346082924,50.333017674445735,60.74751831001612,93.48349945857822,65.30937925938541,69.36881996117602,51.86693688788162,30,Pendidikan Guru Sekolah Dasar
STU_0548,83.71813946803272,81.32447335043422,100.0,82.09982903184792,92.62096731331015,60.74439907452902,86.66664979270875,86.30747887349398,63.37935038759131,81.873476365772,59.67540438484744,87.62461919369785,27.998223111619282,34.85603186446731,43.26372371772918,47.03321126618992,60,Teknik Elektro Industri
STU_0549,65.67709285329154,59.39378200018521,95.17414113230907,87.3777730490774,88.5830928433178,40.0634155456522,65.58399677235462,55.85296273787574,67.74489203751898,69.49457210795362,55.17539678873205,100.0,42.772631298407745,38.25920441146994,53.271808459791025,64.93303642679844,61,Teknik Elektronika
STU_0550,83.29914418773973,81.31710824594269,74.07162515456902,84.92282409660505,57.561167859917944,71.37284607786938,97.42240887518776,75.88818768921763,75.76837520421799,77.95818748791856,51.943334230926226,28.565039761531377,87.35320871679224,62.96287276099934,56.49762606714732,36.9356790742839,5,Animasi
STU_0551,83.78104288279641,77.63836899198188,78.83497210072326,59.330412140440046,84.85210850255929,67.76546450802407,78.62678622279621,69.02561454723775,78.9613422639807,75.42401246228218,57.670519706912565,90.18935954727691,59.384052808323204,88.56154704087248,45.37294400275493,45.72233759843765,28,Pendidikan Geografi
STU_0552,100.0,78.43237701814793,53.23504290594832,67.4018296773966,67.9616292171223,79.78197367953494,81.12139133759962,82.35563150876001,92.77082258465256,78.11785532546247,25.658434584220124,57.456684038459606,82.54381158255859,42.31857240220141,80.37486366996723,60.301492855933716,7,Desain Komunikasi Visual
STU_0553,53.90563346925401,71.2882424773804,79.02272383694766,77.73526128162715,86.79038107810089,86.24536427601629,75.84731265049457,65.43731698089907,44.217016289242295,71.16547248221804,47.6309698697883,81.27369093229272,46.82247677894463,76.44130911503558,58.56709677196835,68.73237708763124,25,Pendidikan Biologi
STU_0554,73.15035354169389,81.69296419599841,99.35957691762076,84.14573665518405,73.2695668005799,76.22549418830519,96.9905017911753,53.301320566014766,42.409053791028484,75.61606316084452,49.42383003321932,80.17957815165842,57.779031875910434,71.67872108164381,86.88772040998013,82.95132462598205,26,Pendidikan Ekonomi
STU_0555,46.73052093380092,59.98900899706522,73.57794937971474,60.32384083269946,65.60609589909785,80.37911739358744,91.25392416682469,59.432089170969846,70.10872875775931,67.48903061461327,59.15208366519866,84.81429453811326,58.21413203954475,61.42124732507987,83.15797977043576,67.83309744488501,8,Ekonomi Pembangunan
STU_0556,70.7809977867238,69.18050820962004,90.7108342599764,96.36581211431539,91.22974741954859,65.00188238292826,55.44297857393691,39.52854904112713,66.91826250744293,71.6843969217355,44.96278767899791,82.14450404871303,44.005874963605905,68.38708292698593,27.064373866913286,73.67647052759615,25,Pendidikan Biologi
STU_0557,73.1987706207333,96.33390972377794,78.59445399126024,53.558248948056494,75.40026232518984,82.72672855044172,74.26807821687244,69.65072041184149,98.70105842721956,78.04802569059922,68.664972144663,87.93805473065113,37.888418740355355,35.76045837903732,58.232360715481036,85.3284620711332,36,Pendidikan Matematika
STU_0558,70.08276680860106,87.20316249192813,78.62443134924476,74.73440341645221,84.9176009705707,71.12358306573367,96.3907468111432,64.7553808979709,83.19700692878924,79.00323141560376,55.76965049541606,91.65694829206832,39.45689655199455,55.74936199869952,61.94691781682961,64.22794823145,28,Pendidikan Geografi
STU_0559,46.694775186717735,78.16356065637564,76.36617486313457,80.4130038598253,55.659625559019275,52.53508737096129,85.48021014018767,63.30568087844452,97.22169544317816,70.64886821753824,36.38600056308092,51.13607008988004,88.57053167729859,84.80614271359453,83.97768696330331,53.20453372121996,51,Pendidikan Musik
STU_0560,82.94157002764912,77.7678470013171,75.86585361617871,57.8480650877683,92.16672473617936,88.91860518844581,63.80827934310316,82.16141327250207,69.72624362990523,76.80051132256098,28.056177370294037,52.379056768329875,61.5981909745012,87.53159545103945,51.23227602237439,67.61821178238912,23,Pendidikan Bahasa Indonesia
STU_0561,55.113885440044456,95.5742662382702,73.45040629196333,86.37244198964093,92.10469119148613,34.17998286109338,45.7198297340867,91.7060007683566,46.43290135592415,68.96160065231842,85.49097372980496,87.07235980142563,29.988662226727012,31.27480905785922,66.76419123446554,43.034375136268,45,Pendidikan Teknik Elektro
STU_0562,68.97577479999684,85.7881531500919,73.0536583263242,86.685118879155,84.677131574801,80.46569354341543,93.24111870734619,78.18105092130972,63.62256927833517,79.41002990897505,43.65242056282215,66.31521214413395,50.81554929131792,56.41087366271033,93.87627820628941,51.40507080568435,19,Pariwisata
STU_0563,92.04221926538338,80.10536680341902,80.9333089592686,97.19599497624891,84.22754017367912,60.69335742706485,76.09296139605443,61.61902450122185,54.49989568783824,76.37885213224205,34.15988412542084,100.0,43.47806556256703,44.77053384175551,53.44845687462087,53.80420395735831,47,Pendidikan Teknik Informatika
STU_0564,88.43313945901154,72.95195400198803,67.51644074077058,95.8957473139376,67.05283489692886,71.76534650651823,67.4310581924858,58.552464063575,97.52539874006708,76.34715376836475,36.45753277039455,51.708374286443046,63.468880684317945,83.79763286535926,52.58625700528374,67.95760667345924,23,Pendidikan Bahasa Indonesia
STU_0565,100.0,81.58484083841553,70.02659302814807,66.44261342388434,43.57249015702788,89.91856952983306,60.220446079304836,86.4501917440018,86.32000765542561,76.05952805067123,56.91904753592631,60.6126234037149,79.3383424309317,70.70503812252288,50.10213698451816,29.19370735558261,49,Pendidikan Vokasional Desain Fashion
STU_0566,66.27324933889544,64.43500943427951,83.98773006181338,77.41868515733334,100.0,49.8485655881448,60.99244786950831,54.36024165096395,71.41631127557517,69.85913781961264,74.37486643051815,97.80162395923146,19.46253281957477,56.88260725290507,65.73890641539171,77.98623165397197,62,Teknik Geologi
STU_0567,73.58296827009485,87.91210358920564,82.28833177328626,62.58298931366447,77.90336737776309,86.64070878588136,69.41726710198382,76.6744258975723,55.28746592271426,74.69884755912956,46.06443968275445,82.34803887973796,59.414561635436385,74.27304629438188,50.72149492528102,94.23321293101762,54,Perpustakaan Dan Ilmu Informasi
STU_0568,60.98549940070568,65.664795748784,69.37908718675017,77.88302017173801,74.17104080727462,74.56136728584401,61.49233935395732,29.020196421848354,76.906372146487,65.56263539148769,76.58838321556814,91.6964760582282,27.35195658277899,59.71733519735095,56.70506400296445,74.53854595172672,53,Penginderaan Jauh Dan Sistem Informasi Geografis
STU_0569,70.1104575099195,74.5161673236519,74.13196900196765,73.08649424001585,86.0093744624013,70.77240550432481,76.65864670091814,80.83759828359284,68.56463984449938,74.96530587458794,48.1376519056092,100.0,45.7171620006055,38.16087335920834,61.98245432042188,87.10178731263929,27,Pendidikan Fisika
STU_0570,90.46263944890396,87.54691227820642,89.6797942085601,64.68512011984278,69.73987997224427,96.844347397059,77.42405813982448,94.75966827178999,78.03790109602252,83.24225788138374,35.47108848045002,78.59551286313372,31.368780941252673,63.91032710099177,82.27938201507268,80.40766136460368,8,Ekonomi Pembangunan
STU_0571,95.79170582683508,68.551896924168,57.302033724179765,64.63316722447995,66.12084296947155,96.85886306057182,85.57337867896817,66.71306518387102,85.31775647705776,76.31807889662258,55.52043864982805,75.06320454608212,61.639098208780716,87.75475137827154,87.13542282703703,75.71503312104664,42,Pendidikan Sosiologi
STU_0572,66.48001131245606,72.74960528038784,69.3130368959508,59.79506922355847,89.55961555771822,88.37625288926682,53.61836904753177,82.14511632430182,84.54203463277554,74.06434568488304,43.44502666689621,57.33486377099571,83.1146404609732,78.53932268385505,79.82077686499967,36.555446987319456,49,Pendidikan Vokasional Desain Fashion
STU_0573,78.48296885776207,44.74753001749699,83.29035324219464,59.975801526080105,85.97394227081926,82.70006354200841,76.27211170224962,89.07327212956406,70.1263088107031,74.51581689987536,89.00661279965247,100.0,31.780153850275028,59.61418116785819,64.18482587216019,77.88095242892534,66,Teknik Pertambangan
STU_0574,89.70668366490429,78.39102584480771,60.60483286601781,97.1581448141023,92.95512717315118,65.78395971297002,63.14696949998322,68.5678382176911,93.48550891714811,78.86667674564175,24.42008872397317,44.273306180540665,94.73943745433772,53.12457101335079,71.36492730743831,51.36379468621308,7,Desain Komunikasi Visual
STU_0575,77.06511451358196,73.54867354822534,100.0,88.50866168937092,64.16607047873562,100.0,60.33148041923347,85.56243152307744,35.93205326328287,76.1238317150564,90.25600127502119,86.38544158747442,20.632147201728316,31.83774895809042,38.35878146994777,63.661596605677914,59,Teknik Elektro
STU_0576,94.33423742735647,66.90283199540754,86.71927395218763,76.51486354837157,49.00638144906554,100.0,64.3591241428954,58.49520895236171,65.04785707059888,73.48664205980498,82.94254608162025,85.10872428228417,59.821224086252954,31.92089854252397,75.10403819120891,57.99829620080012,67,Teknik Sipil
STU_0577,77.60898293675771,58.966932445348604,90.56355973132696,75.5951042477818,74.13755905288089,74.17515989368638,90.8834340232253,84.14761122880165,76.7676410422469,78.09399828911735,77.79751613580241,73.62058882209789,32.213222915872294,53.81998699656971,58.77476329330273,65.45063691992675,44,Pendidikan Teknik Bangunan
STU_0578,84.41735291052771,82.45890319943209,63.42994047937327,79.02936843840516,72.36163460258125,81.19069881787507,83.75973215427646,76.8839440604385,66.6368714470555,76.6853829011072,43.75243272125241,41.16551104403931,43.46703217919033,70.90499671569037,75.8008947442791,78.92223897304001,15,Manajemen
STU_0579,72.51678193038309,62.425345566169895,65.0555475869273,70.44331990317717,85.99527836792856,81.54284444032231,93.4318156475321,69.60587622687385,70.82923442078177,74.64956045445511,21.762534359776094,41.93389770499944,89.09057991353873,83.92458984479775,81.67138499949824,25.621384271033158,51,Pendidikan Musik
STU_0580,94.37178307795097,58.31582560343984,64.85638858316939,80.85887170205271,75.13144352303662,79.56152883128742,71.21186179896887,59.407884352265846,64.86841931728188,72.06488964327262,67.46291168984557,100.0,26.105771402599814,56.918562059416374,45.40276265845459,64.46007255359683,36,Pendidikan Matematika
STU_0581,74.1012717838851,67.6162191190164,92.50474373857766,57.98362816318664,72.92571415238618,95.74164578192928,89.50596163093044,79.87701085099921,91.77949089802007,80.22618734654789,53.010519735669774,89.88238695249015,25.296258117649543,64.68830957771404,63.80190040122554,88.65038662671584,4,Akuntansi
STU_0582,90.52854951919312,81.43730270791283,70.66492963774583,92.53722897056933,69.91369604351544,63.70496860104739,75.86034689353966,64.28626471226761,87.10688032552156,77.33779637903474,67.36459159503177,93.1534152249102,57.36197678682316,63.38456174272697,56.37565449463229,56.69402217990337,9,Geografi
STU_0583,85.71848509205442,99.115579209901,58.54553700507137,46.04786351712818,69.18684024138763,94.36744785436608,86.70361859725784,75.4461859588037,75.24922796625397,76.70897616024713,18.877539326235393,72.80889244479758,72.7164805464533,31.3513989828772,64.57528489843902,73.59923226100696,39,Pendidikan Sejarah
STU_0584,93.94573108146903,63.26912813893555,97.99980217947945,72.78374219514829,96.85443076714955,77.906289867564,66.80195310507098,63.720136401948125,51.551510792671124,76.09252494771512,60.91683605222517,75.87152865815283,47.27880667628173,31.133810602855927,49.98944720494495,51.15839358576662,64,Teknik Mesin
STU_0585,63.78565282569854,50.49216072950631,84.65295891502059,78.851378256382,59.88193771256396,56.11326358494681,95.98615749889576,93.38343507788817,39.17560537811419,69.14694999766849,42.945847562443205,64.20665127257591,34.489283209568846,84.70037619212567,63.92956042769998,94.32351576579445,32,Pendidikan Ilmu Pengetahuan Sosial
STU_0586,79.84456854976854,61.18653202369531,64.0962300772447,74.26541396913852,40.428024137926876,67.77113695220385,74.69487814993055,72.82643223586969,56.395794531593644,65.7232234030413,39.50132364892199,65.2288018373656,70.89195321353796,79.18571934994314,61.69224975789552,98.97723319990598,32,Pendidikan Ilmu Pengetahuan Sosial
STU_0587,50.78682543287768,89.9639064908053,89.57373651141826,68.04382464607703,82.82348555107312,79.0501857079083,83.88379329786348,66.2476736234295,66.20055306699061,75.1748871476048,58.66850365783155,33.135554253137286,63.12030839476734,56.96096189516752,67.57429677499806,53.57681942590137,15,Manajemen
STU_0588,74.14966696325988,76.83796106488428,68.71920414724659,74.10398455287245,58.548020450363325,88.83455014854216,68.10690637602063,91.61712111287106,42.86629325563858,71.53152311907766,39.101637106788274,76.43667062617091,29.946234022455812,59.939657439990306,65.44811440852024,89.38331042542302,26,Pendidikan Ekonomi
STU_0589,95.43871544993723,78.31008839060384,88.01399483725393,69.36398684353914,77.43711547239207,80.28082165985495,60.3108856240323,79.03218992789164,67.85221367582581,77.33777909792565,78.6613617985621,82.32336568553474,32.59065903236995,61.2633738454087,74.28407181783284,79.4601165222111,17,Manajemen Perdagangan
STU_0590,90.34121949558858,60.98788546620623,98.33189864363148,83.48557450136319,64.46629354515665,58.63102750966786,75.56692502486791,65.52168692805127,55.08722654519838,72.49108196219238,61.83362948178292,82.03698007012655,6.888266178658785,56.44687957525602,49.792114453408516,82.94686083778912,63,Teknik Listrik
STU_0591,76.34645565782976,82.90365202924228,80.83641176043427,86.78288419006759,100.0,67.69428297017944,83.92647671589006,79.16831711643322,74.2665630439913,81.32500483156309,54.07939493553876,68.96531819905206,80.88878649072437,88.0327683704765,62.60943222492423,67.02236405454894,68,Teknologi Kosmetik
STU_0592,78.59418313973131,87.96829879053689,92.63624209346624,62.77040061202396,80.33693978204508,96.43857437413709,76.94917845733592,89.76850038605754,81.13700390150312,82.95548017075969,57.2730226841214,55.54451638283557,36.93157069358723,61.55882094456821,72.83171943635207,68.66273422292993,15,Manajemen
STU_0593,69.43374684592865,59.8217633946622,83.51091612686994,85.93889642976596,86.06430410282681,40.77875206563003,49.762745931565476,77.06679979022738,47.240990126878415,66.62432386826165,87.93750474953725,83.96539482391057,28.44392337565679,16.56163171541554,51.58252708581526,53.03282050437902,59,Teknik Elektro
STU_0594,62.75748907935664,74.25183088690393,60.82377567167315,80.5769731962279,80.18891321333072,78.78603921743212,85.76027125657579,80.31965277727191,76.28310384431191,75.52756101589823,52.894357482759176,40.59860310919526,100.0,81.87349634651551,81.26806356566622,38.33919655073933,52,Pendidikan Tari
STU_0595,41.0829389592796,75.96580988595765,82.75230978258179,81.0465480686063,82.0155825819178,74.3067211662207,78.55277360626924,74.60061167230084,63.654727145505035,72.6642247631821,79.22252209444973,83.31170559502016,32.80014375409176,25.28319383891668,32.11561574366699,44.682078458320305,65,Teknik Otomotif
STU_0596,88.09046835024034,96.23953845541166,91.20654472436888,64.53323681237504,70.0897944609434,94.22002259207876,61.9903758168539,70.80001534519869,94.02684546644107,81.24409355821241,36.72037626054004,34.064353364371655,70.79040451785423,92.92411665475218,68.97055350943751,65.25943777396519,24,Pendidikan Bahasa Jepang
STU_0597,53.2216166677963,90.88346090469712,63.60367181691108,74.20004097183548,69.96642825288728,65.190792804474,58.63215615117349,65.93621848803318,77.76831561170607,68.82252240772377,21.930011136032554,49.401077203506055,77.9210152450008,78.97246683380656,65.28783978246143,37.69131926030471,52,Pendidikan Tari
STU_0598,92.50005694603682,80.10201753734943,56.70266515895174,72.06088344837715,78.6387383763247,84.98435704914833,90.79515670802729,76.14528196705407,70.87649595382487,78.08951701612159,39.399274964165656,64.08746793885604,89.9206442157104,82.57022631861027,49.981418911542185,59.3605046541849,24,Pendidikan Bahasa Jepang
STU_0599,46.92459922365189,62.9579458411662,88.0822180206469,88.87786809032627,100.0,69.87421751435114,79.93092280956908,86.45097587839308,34.24160764074874,73.03781722431704,65.69340623509001,98.45696834916306,33.567718312448974,43.56615114323773,53.40878248477427,64.28890226157466,34,Pendidikan Kimia
STU_0600,65.86221936608409,64.99181901830424,94.76674115642123,62.23647100886609,68.41712077036432,82.12314601373225,64.55759691725012,77.94013086021452,77.16125870769542,73.11738931321469,27.769406901885596,77.55712878248382,63.95639525506819,82.2626555374612,75.12152956748209,62.8427127816137,42,Pendidikan Sosiologi
STU_0601,87.4432196196498,76.56149925579685,79.170407472389,93.97499495180125,100.0,59.997373279426014,55.47419453885696,70.45772050990898,84.96380002052507,78.67146773870599,43.078029237753384,48.81231096221794,84.86582301263658,58.420125884863765,69.10702950491775,49.157764925391035,5,Animasi
STU_0602,82.95267040707056,60.99341009534881,80.21343569657559,75.1238140531369,86.53023017952862,64.39452452550941,59.79039626488523,50.80213135787671,74.4652485798274,70.5850956844177,54.51183679984916,72.22641353080454,54.58061421008043,63.05674224124086,58.35831749492373,69.22104720705975,25,Pendidikan Biologi
STU_0603,78.87671277813058,65.04784395992189,75.11553577466994,81.75713986041764,63.37588884799567,80.80891992926773,75.76049251690029,88.98157595369595,82.01058728731394,76.8594107675904,50.76407719226881,55.889881422519764,76.22316997355962,74.37017472280468,70.36421389545771,48.588209484697444,7,Desain Komunikasi Visual
STU_0604,78.47822374320575,69.37464448691159,81.15343707419538,71.74575394072613,64.30386351653347,90.36898979624695,79.11423108416396,74.30339012085481,79.87984243309127,76.52470846621436,47.71885156421289,69.03417997440326,51.00022006590395,75.13638727035988,75.84352767315615,67.1351275247447,1,Administrasi Pendidikan
STU_0605,83.00004547811051,59.113731886482,96.1146276875291,71.11536068473498,74.96500133855103,72.13799088843837,61.66406915664185,84.55791799865592,78.05370973039487,75.6358283166154,97.82790946216926,68.78192397713106,51.4378434625501,46.70871038147328,50.746041447378204,73.02339334295516,3,Agroteknologi
STU_0606,93.19514185985673,76.28246310403568,61.65348949893054,99.8725626847919,87.86995185273719,74.42672659687567,85.45322637394133,69.75185535802721,85.60808649083359,81.56816709111442,70.33898186665029,89.91392271992193,43.72601586670521,40.79069930322688,74.98170859052539,61.786813775301866,67,Teknik Sipil
STU_0607,66.15094771289309,70.58818521374864,90.50972810751708,97.67156300795669,78.33892911088665,67.30691186414286,82.16778552105471,53.845689490376955,93.96521800043409,77.83832866989009,61.688776962393995,81.77856926563884,28.731383703586832,41.069723187723916,52.536488871383284,67.97648771474965,45,Pendidikan Teknik Elektro
STU_0608,77.78527713098535,51.890269959595045,73.49904523426794,70.03056844279506,80.4097373024403,93.81193710777791,60.728708594392494,84.79751979951696,54.56378819015461,71.94631686243618,89.14836903110337,93.77351986013336,46.04799456137308,26.44905604559207,68.29235623189074,72.46965099426495,46,Pendidikan Teknik Elektronika
STU_0609,83.60592747699306,81.95106001446523,65.9711288520974,91.26748705373133,100.0,61.82960355884261,73.6119784371043,79.38112741168688,100.0,81.95759031165787,39.743182025089624,69.79263836726444,48.503737107776544,96.01531829874534,69.38164674176271,60.291128056690575,42,Pendidikan Sosiologi
STU_0610,64.58601365990637,93.58342130655497,72.32686857676484,70.76319124630533,53.89813655108235,85.41313977430504,87.08387266194765,65.82419682592811,98.51689882677931,76.88841549217489,46.19467260631146,61.927588949228934,66.10465194869118,75.57238952613227,84.6913295122688,72.30609750475814,68,Teknologi Kosmetik
STU_0611,95.59730869426296,56.680194625681324,45.47842824643581,75.77028665387273,87.24231046015552,59.10789938721645,80.2999665788833,84.9719944795403,64.40839516307679,72.17297603212502,44.860424630268554,39.85337388374464,65.6768425744984,64.03827939679059,57.01578657949676,40.935971353394905,7,Desain Komunikasi Visual
STU_0612,59.416304546545724,77.94937159968981,41.691464513907576,77.25844439997225,92.80452622797557,76.8392593241377,91.68225494843838,59.0206915609092,100.0,75.18470190239736,54.582016054886644,62.406998898485725,47.77353568338867,98.21600633810318,74.49347432250353,76.3545572024304,38,Pendidikan Pancasila Dan Kewarganegaraan
STU_0613,54.00450414406153,84.34428782224965,95.11511902497624,70.85337421198231,66.96925891586639,65.33622227922599,60.815844990031835,89.77245634685404,68.66187054873593,72.87477092044266,91.9914156828141,87.65767719713547,37.611537201474206,69.02069464305401,78.76781256034744,48.126605827283136,67,Teknik Sipil
STU_0614,100.0,73.661824338743,91.90555517645801,81.54775800143241,100.0,63.39025015333713,69.56091793759839,62.835803130899734,72.90915352664196,79.53458469612342,73.62160908413176,82.69953382019284,58.84928712038092,58.28418211236214,65.87112199490434,69.95293547866349,28,Pendidikan Geografi
STU_0615,87.64481684951375,82.6370235976577,66.74759424666784,60.31587329964073,75.52850350551007,81.68301738252515,83.77966245866399,77.79477662690913,91.48112744514914,78.62359949024861,34.08513179215283,72.96256328621027,57.66697925027939,82.11130835213139,39.5863143087931,74.48874505757252,56,Sastra Indonesia
STU_0616,100.0,96.51705880776824,62.64552384609128,67.99494443981735,63.94059880189614,77.52820382386523,78.63817530996045,91.71466032772983,58.929944585864035,77.5454566603325,43.12392916850065,72.06035059941819,67.01140382635253,65.0713060586798,70.29538319549212,86.19789351045509,21,Pendidikan Bahasa Dan Sastra Indonesia
STU_0617,74.73646377610103,97.89441283561699,74.25866588104572,64.88699352718672,62.03676955181333,66.77030178632504,91.85274219109519,64.91711730131117,68.6423198911488,73.99953186018266,37.245285201501105,59.66109536413008,52.67297734993845,65.78582561426113,67.50709563007872,87.8157023425181,22,Pendidikan Bahasa Inggris
STU_0618,52.2664411860866,63.496522813725946,50.76804701592683,75.73301865489624,75.46086124521653,71.468876371028,88.95378713018,71.14988639377715,73.6768729196781,69.21936819227949,91.90311571864345,41.30103329137164,33.10804910628685,26.506021201260253,41.77915524561864,61.733241387561705,67,Teknik Sipil
STU_0619,89.54502572085629,69.71509323619092,68.17788972174932,70.63763376502486,89.91538433508646,82.02712412436271,85.10649553130938,62.88365142261239,64.14127156600954,75.79439660257799,34.21833997125334,60.379810749161884,49.154382427756744,89.62963330149638,67.66950916174193,77.8417438746248,23,Pendidikan Bahasa Indonesia
STU_0620,83.9806630420397,68.99131774614688,41.73177228453821,72.39256585142888,94.53055106403448,71.5218966370088,94.57246407714372,64.43935176795654,57.74641095982224,72.21188815890216,29.60313612323534,49.97074227210227,58.96797142122571,88.10890884537203,46.88769691320062,74.94667326539556,33,Pendidikan Keagamaan Islam
STU_0621,74.35336764448037,66.83548887947182,56.127935248369866,61.995805986338965,76.77504258809148,80.22837347698456,77.9311227467043,71.07747029853773,87.06293248009379,72.4875043721192,57.09219419710135,84.03899654550843,49.50778525985107,77.56055256530917,64.28269247448176,54.0515286411012,9,Geografi
STU_0622,84.67334936133011,82.84578220117456,71.0850848844321,72.00034067692744,97.06407390491243,75.45028568880515,84.5740612706389,91.91694141799192,56.41633656046468,79.55847288518636,40.762502854731245,60.63694547817885,57.649611935110435,84.23933750535538,45.21963439406783,71.06759290253441,39,Pendidikan Sejarah
STU_0623,95.12410683238875,79.82821411711906,74.54142125863423,69.29094431155853,54.79040274376483,82.84752141904609,100.0,71.12215000825933,69.81580876807442,77.48450771764948,59.091331243115725,64.94479701156341,25.330652102867823,94.3776089709694,61.779544472492375,84.27955539321923,14,Keperawatan
STU_0624,60.41391445171284,67.0581531071604,66.19517823436681,51.84186200741797,72.57720221470443,74.31863797935479,85.96242792193492,92.00793117653154,76.05124042674505,71.82517194665874,65.08501870526415,56.92603369414255,51.37649316086291,68.58233674117953,71.80954404631012,68.42226803462773,11,Ilmu Hukum
STU_0625,60.1433619842893,71.6049663139607,57.420587820051836,56.357910519872405,57.16791175056705,92.81355163546847,70.69822826658701,65.8918571868985,79.86785036519679,67.9962473158769,43.7629970447954,50.54464804571099,58.12362888545334,95.92302017839432,54.93445003112651,63.51554055681989,56,Sastra Indonesia
STU_0626,85.5162933904516,61.48218802284538,83.8733281464386,93.437433725588,85.83556400705527,45.02194219721138,51.365325786966764,72.59243366418896,59.98452897252869,71.01211532369717,36.77981744085583,77.51688969575474,42.773549833301196,70.00750320217546,55.11786537353405,43.15850086822406,25,Pendidikan Biologi
STU_0627,96.22935768785209,77.20749586413011,81.55755607855059,80.16207004979663,57.1652282198619,95.49059559221926,70.754526871725,85.68654605107626,94.4180578479749,82.07460380702075,74.20192046090105,59.304531000439475,42.10061272138385,46.83248988188455,47.59781690809942,51.78613830650692,67,Teknik Sipil
STU_0628,100.0,82.45960936048934,66.3612544556531,45.81273079846971,74.71544399592518,87.98905856480208,66.86606766998125,73.17641738784444,73.9738100156032,74.59493247208538,35.976512384218395,58.82570007553907,64.74894755140308,100.0,43.66998026038705,56.68653333464536,23,Pendidikan Bahasa Indonesia
STU_0629,65.7919881447095,66.21621485255547,100.0,91.35941969996524,94.28120178070286,70.91880980807025,54.35742187496272,73.4191245359167,77.52781535381408,77.09688845007742,90.02336945415789,95.98988537917126,25.641893295206206,32.40297546033955,53.362934196668604,55.660297363921956,45,Pendidikan Teknik Elektro
STU_0630,80.63269373471036,86.6610054639444,68.37497853756561,74.99488392022026,82.20454222963353,92.23972744069368,90.78683851842932,74.68916506067241,58.219669952970804,78.75594498431559,34.90082444759254,93.55789584390659,53.9918608577253,80.3453247422755,83.72740674159378,96.84054388038308,26,Pendidikan Ekonomi
STU_0631,86.25911652926897,82.12060672358828,61.41693079082309,57.309404910585485,81.85348059479472,77.7765259538497,82.65900751487455,77.6088103528156,76.36886984417434,75.93030591275274,29.372835044553838,87.56345441313852,55.55964839879159,78.74928515315484,54.98751665245854,77.18505164456975,14,Keperawatan
STU_0632,80.3032042450622,43.257559409754165,67.56506497514879,100.0,80.50239294755501,97.94134338945224,55.51322310725007,67.54125481581328,68.65009161885737,73.47490383432145,85.29924516218246,75.89802815712224,28.40887734454393,55.96144863922342,30.282621169478933,44.52487016036432,63,Teknik Listrik
STU_0633,79.95581078992775,84.7426793902748,92.71192659356426,100.0,61.21277710496026,100.0,100.0,65.69140127962609,64.74814784124774,83.22919366662231,60.67579078837233,87.33626131065759,45.17716057263787,63.912395954507836,83.45986183018887,94.77436736775834,8,Ekonomi Pembangunan
STU_0634,84.32862799783202,79.45893062680355,100.0,97.79933358565924,72.92651977784308,62.449443957061774,66.13275440280383,75.57333533801673,77.49199423323805,79.57343776880647,34.858588466929945,84.00602251805792,31.71629387489027,40.66686772156961,55.54605035375361,64.12888506073897,13,Informatika
STU_0635,92.54673341075149,82.61839081724851,69.12207210904836,45.23107879410938,75.36729231346699,67.22287486347456,55.217781534545715,88.10533990284915,82.64383558071734,73.1194888140235,15.178985989898543,55.41228959730726,83.74130581426024,76.55244075744423,57.87773807910061,82.29474099162935,57,Sastra Inggris
STU_0636,88.21691924115186,57.89463369316417,65.01073532891924,82.34482888004982,72.62312760845842,74.26307153802536,87.04149733037985,66.70750563311088,97.12334787749097,76.80285190341672,50.556828340694366,72.00984597322096,50.61993513183735,79.8284734500374,84.82313542011856,86.0632365360914,35,Pendidikan Luar Biasa
STU_0637,86.70450139931005,86.29323455837918,83.06111092005774,66.42181267052864,46.324498034733736,69.56220372593845,72.04351667629864,70.93192342652982,82.65978899769094,73.7780656010519,79.18524993250018,97.7326435436249,57.945984181531756,61.937753941828596,34.54453650187461,59.002397691342075,9,Geografi
STU_0638,78.65598502085535,71.20774134564542,63.65056939190614,56.64586889098622,59.92022872763985,91.63333296436396,48.07894989687372,78.84123988376763,85.27954666859355,70.4348291989591,63.82811693217808,50.46512864073779,76.76738439368141,61.26086402753672,79.74037573039386,70.87381364622426,51,Pendidikan Musik
STU_0639,66.98678710770825,100.0,81.20043033529784,72.23709666403201,80.92379463131223,76.18084221387011,67.93295213432235,71.89550889319005,61.92180490661056,75.47546854292705,56.229541183836375,82.75421434430903,48.95552631866144,51.875934986253235,64.59524542362493,79.30347161171568,66,Teknik Pertambangan
STU_0640,79.02095173342222,61.99826754892091,90.77626871982845,42.04777626860994,94.56915388826539,64.75890371322052,61.779772680240065,79.63124116906847,68.77420939736807,71.48406056877155,37.26514543327751,62.52008334524008,100.0,74.49606372702584,84.71013659837752,22.86394459738165,5,Animasi
STU_0641,75.62645381172273,77.93562919259958,100.0,75.30087166288578,74.17188234304157,68.74107972625504,79.62637354021669,77.67878520440473,47.371107785282156,75.16135369626758,35.92618655280126,69.87294999955925,42.957803197415146,42.88118359049828,70.08479983707318,71.26290780775746,17,Manajemen Perdagangan
STU_0642,89.25849144661545,55.4911942243382,47.30878580405952,66.166725346516,46.92887491100634,98.11203758516794,72.62207413882821,70.76639153563168,89.67964025626321,70.70380169426961,33.79209648435652,59.05978998094418,71.38742589058111,53.17031998677746,74.51740636525437,44.88984892031086,49,Pendidikan Vokasional Desain Fashion
STU_0643,77.62205534284503,71.78630108626459,74.85936157522418,81.20661228252116,57.51519636950982,76.54978422197043,61.186463676943546,77.12738208803728,83.05067500677693,73.43375907223256,37.42455201537736,30.700559981281394,40.93956902099301,93.66432350027733,50.35326511691124,83.98585417416933,29,Pendidikan Guru Pendidikan Anak Usia Dini
STU_0644,62.41865450371051,91.55881204246454,65.31436478995829,88.08173783374589,72.70565519068325,64.18522916058085,77.88339898571016,51.52473446396926,64.2664610920163,70.88211645142655,81.99135035374778,64.67640189370063,44.65428327008577,45.38058521753511,75.70275036745358,67.4398591271398,44,Pendidikan Teknik Bangunan
STU_0645,88.7885616481434,70.97216730262683,47.157220338966205,78.78690254825025,82.44060063347415,68.37664300123714,68.47219918259007,100.0,64.78499981621056,74.41992160794429,52.9964940321646,61.0370532000118,77.05516230984232,68.97276001224718,51.502262741027586,71.12042632963798,68,Teknologi Kosmetik
STU_0646,68.8424730436286,94.23895681186711,97.09962540860559,96.40026618384329,88.92053841887814,55.08294331713542,67.19200347081924,70.90908170050078,68.7931890570311,78.60878637914547,61.53742840398898,55.27849519747495,36.013080111705264,53.23203621308773,56.39994101403404,52.62672736046884,61,Teknik Elektronika
STU_0647,69.818554227183,65.9688722705508,87.52067435469112,76.94900706138449,61.64645145441431,87.65400426925282,68.452154934257,99.6414008149324,33.80485958121179,72.38399766309752,87.81187951815897,84.19195619772475,17.015775620364092,22.438261848186936,68.36908344193054,65.05756854500144,65,Teknik Otomotif
STU_0648,85.56884510490603,35.79596572676976,85.96137721208139,73.12847596765386,85.60399907823418,82.48204104276974,70.26647846702508,68.9531072586106,39.54766352415284,69.70088370913373,63.80656812883589,92.45699442444706,52.56913375443178,41.562676441420216,62.17722135713386,66.57258996753409,65,Teknik Otomotif
STU_0649,84.97458788126771,72.2107564900709,87.8708980541165,93.51954092646615,86.04671644743127,62.16831135183797,91.05810374214926,52.129648683982495,65.76786679969847,77.30515893078008,82.60042571129955,68.12095975153109,38.58914243588722,49.71211388340329,50.57506826972123,55.52605046322373,66,Teknik Pertambangan
STU_0650,82.48085067128842,80.87724131349832,57.444698553383276,70.57213154422612,83.75687420460437,74.93836995934272,59.81052762875699,71.0595138202827,87.07544074322675,74.2239609376233,26.14829079851102,45.19358716597583,75.68502302588249,88.41262855436312,36.770732029924496,74.0913534822032,57,Sastra Inggris
STU_0651,67.86820295374592,71.97000545072852,76.09315362023102,82.5838390065284,78.92538885100201,68.38441508603037,68.80349081926292,81.6219671741012,64.78596233608164,73.44849169974577,64.94763584965006,67.02941246607807,59.158914187032565,76.98417776397974,60.24018660133109,50.73050968022082,53,Penginderaan Jauh Dan Sistem Informasi Geografis
STU_0652,82.80884704429936,69.45420472828152,70.12922762645272,67.7766566673532,79.57892014761302,81.32977385278359,77.70549894936204,100.0,85.15629674445945,79.32660286228945,37.642099599048876,60.483692391962975,70.73916073878672,97.09308637590266,73.12308865448637,84.16401779662795,35,Pendidikan Luar Biasa
STU_0653,82.72994959788515,86.02125077564968,100.0,90.02880969831162,63.981986115844876,69.65420702619188,86.17035783185612,68.41888775246866,73.01153596586357,80.00188719600794,39.29397137189229,63.95108158110162,48.34954417498596,40.95453091284528,79.70557409176973,71.25038926049999,4,Akuntansi
STU_0654,93.14835898748223,69.64201714959009,100.0,100.0,100.0,75.23603002762214,78.7346428118277,79.91342335721608,68.8551704001493,85.05884919265416,36.35777903749006,37.32328377528451,52.23898586376645,66.09475768161947,59.74229952875186,66.59146602974911,1,Administrasi Pendidikan
STU_0655,68.63142686856959,84.54187904400405,66.84761158270246,86.81564158678911,91.11796509964704,54.306719789500306,90.72804303491345,100.0,77.528052656827,80.05748218477255,45.1763291465324,69.63399797598066,53.14371602638534,93.56652932908165,71.1881733938471,73.7310232594699,38,Pendidikan Pancasila Dan Kewarganegaraan
STU_0656,80.36814671167605,72.54520405337722,88.74185611522165,89.37759521675999,70.87285599727605,49.98770808524574,80.36766550153155,54.36880215047651,53.532427353997015,71.12914013172909,57.18901022353787,97.52822866253238,40.73915026447213,63.81316814538586,55.46470332923023,86.86366226567114,58,Statistika
STU_0657,87.54145116252504,92.18029190990117,86.93645470802639,70.98456395595893,75.97560295387831,56.175195778127225,74.26086815722388,63.81429991513117,83.72056933609018,76.84325531965136,39.59111667236698,35.9795279792936,47.184550420201816,73.38245682577208,72.40914357112788,66.91902912528153,20,Pendidikan Agama Islam
STU_0658,79.48749519007076,97.85490168947472,80.41020990135077,79.10805984616368,55.894852566491245,89.22405082831922,68.99635826318023,98.98084565348273,57.833017668912774,78.64331017860513,80.87302867093368,81.83207007510357,55.632066517782626,92.14959370499598,51.42486807931953,68.66156273245095,14,Keperawatan
STU_0659,88.4879720225453,84.28946666764844,73.59465350676257,71.94715516338957,100.0,88.3485578872408,64.01629246783722,76.29984612895217,69.3079960571053,79.58799332238681,45.708760931151346,72.31600113835867,78.96735913308487,63.21580056998687,71.72087153285565,76.9042806942415,68,Teknologi Kosmetik
STU_0660,83.84746407547433,67.31294903106158,63.816040233206884,89.47586335245678,100.0,94.23971427871622,57.33531540907334,65.72977418345383,65.04960845191663,76.3118587794844,48.37598919292268,87.0380454807289,74.36538401172237,81.87013629215336,85.70898867052703,90.49667818882561,26,Pendidikan Ekonomi
STU_0661,100.0,81.22500928182349,70.2958409431545,90.37763449829508,73.27139209692498,86.50964574613604,72.26604156510345,80.442124324979,89.266306900422,82.6282217063154,37.460029984925384,52.59719997531968,100.0,93.8803541622301,49.063666888495696,56.366770863981756,49,Pendidikan Vokasional Desain Fashion
STU_0662,89.36034373413393,78.10179823196329,75.3299750128614,77.51404960410206,76.51179839468378,56.28338689828303,71.4595954904765,96.01478150867874,64.76946211311966,76.14946566536692,80.38670518808783,79.51754318556345,48.97609647782554,78.27754124974486,39.99740768926239,54.93004925481079,9,Geografi
STU_0663,100.0,63.50237022388152,58.13319035375444,51.566010178399004,72.19163639991815,78.93748882317759,71.48272915118487,78.19376457062725,74.56325017944837,72.06338220893234,50.106000636752846,54.54930993820477,57.30121421566503,88.69830128295608,69.58441152218093,73.06326642615915,12,Ilmu Komunikasi
STU_0664,74.36751735690892,48.73523901995807,66.11227112934247,60.66564061598683,64.45564092239185,70.21258964194278,72.6539395382959,71.16496478927724,72.63520683632117,66.77811220560281,20.04160387835067,40.880018111374156,100.0,63.541353204925706,55.51980335506937,71.1299760792528,5,Animasi
STU_0665,69.53860102134318,61.608952438183806,81.08193984805763,57.56917450434483,60.08510699154449,90.98787233066253,100.0,80.11283679616425,89.49040013212502,76.71943156249175,60.16790088718512,93.90166395767993,69.68552347015799,76.39155798050379,61.28798746701194,61.11291678935463,9,Geografi
STU_0666,74.93989737369836,80.04342987060858,91.25430107123888,76.54061103602098,66.7027581902575,73.13705895070022,85.77422684203552,68.6135757184142,86.44692856639612,78.1614208465967,37.0498201906722,62.281553887855424,96.99287551992143,79.00380667310861,74.97914690882452,57.86269696911633,5,Animasi
STU_0667,87.33282056697425,75.97091595427952,72.3375058236816,81.4569965854489,66.12494085743951,66.17479248532536,87.41204459513256,61.29610781084537,58.53002280533461,72.95957194271796,32.151506643152274,66.0464599044472,59.96764380797613,76.62589646780114,98.49585373761585,100.0,10,Ilmu Administrasi Negara
STU_0668,60.47540208668091,71.29013988249906,84.18620727599554,84.76261252109278,48.25589232333124,85.62636480533692,59.83751328768925,72.99846305172616,91.60482720625238,73.22638027117824,75.00268737594946,62.911549083662166,32.54723066418916,70.7799733941461,88.64322847865515,81.34231585615359,2,Agrobisnis
STU_0669,59.464616409318175,47.79466730753524,96.41794119021594,74.61248220871792,83.08613714939727,61.838486900442255,79.41350157833224,99.80642464576343,85.39798642277486,76.42580486805527,76.23889990438903,61.36123847871282,27.08637255225659,47.69322376762685,62.583306852906205,70.18922465187273,45,Pendidikan Teknik Elektro
STU_0670,88.84224820564202,69.96261290622935,81.40007107347458,62.349393046878994,48.84298875380837,62.42725949182521,55.99256408245961,90.11503161469433,69.85426490941444,69.97627045382521,17.01313781764413,55.82902231269125,51.272460200583,66.79219572198629,80.38095899374932,59.251712578226325,49,Pendidikan Vokasional Desain Fashion
STU_0671,73.16024235589263,74.0551492926042,83.97898719645782,81.53869449804587,89.49317626677376,53.37542057655129,47.122378074281514,44.94100124954538,76.20638110293945,69.3190478458991,99.09994434701898,74.05994530348661,20.630224835005052,61.53684291116243,65.86775083964555,66.82783751845469,48,Pendidikan Teknik Mesin
STU_0672,72.50791888880516,59.8477470402325,100.0,67.17965943759198,42.95347287787179,65.05271703362195,59.525403051154505,85.7398930085267,78.5031372342822,70.14554984134298,21.004910047390567,56.64323078575387,65.19676736089583,82.76276301014136,64.247752688127,74.66376695239973,42,Pendidikan Sosiologi
STU_0673,74.30977853581528,65.62553408355335,100.0,81.2452462529691,62.474762954336924,61.138594040427805,83.90883856948494,61.02935168232454,77.35208273039427,74.1204654277007,85.24433188284142,73.31039448430185,64.53223111249042,46.934198376015026,48.415736573572424,72.85990145434533,44,Pendidikan Teknik Bangunan
STU_0674,55.75521310537052,81.00800324877581,70.36210358249171,87.01959549731585,61.92124034302514,82.96681714582493,94.34423666622706,93.98076340811598,62.47786687947452,76.64842665295795,38.02773684362181,79.26567489431788,37.019448983962654,64.7310890405819,65.76894080975774,87.19497476344307,10,Ilmu Administrasi Negara
STU_0675,100.0,68.3980956319265,86.878904761998,70.296390842939,100.0,100.0,82.27831142875276,50.45886257309583,51.75335081769887,78.89599067293456,67.80987182902547,100.0,37.78929048367461,55.828509200335105,51.731360377200986,78.6714155626743,27,Pendidikan Fisika
STU_0676,83.027493596477,67.22650791145124,78.52291475957185,59.31213339337278,37.181269627071245,74.46479712771429,100.0,80.33558853426173,87.229111955469,74.14442410059878,48.91507877772171,70.99523038715844,94.83224295533208,79.47511694203632,67.1588681386026,55.82374042500585,24,Pendidikan Bahasa Jepang
STU_0677,70.84447884145837,79.20155289218187,98.70610790735542,93.06281856792971,98.8866356744086,57.724575580326146,55.655099478932655,85.41498906244955,53.72970654418822,77.02510717213674,73.69415373772478,77.31639154598938,21.581883919329954,24.13305059024017,54.813593823574976,45.53488426195438,48,Pendidikan Teknik Mesin
STU_0678,75.90023717210146,85.07507792028096,88.8081491733699,74.9209856526465,65.5883850526572,86.13605036833343,75.21799150773334,63.65379560414065,61.1178687595924,75.15761569009508,45.07514736312266,81.85179538393943,57.94283017473084,91.3956979833984,44.418879833809534,83.13164522309866,32,Pendidikan Ilmu Pengetahuan Sosial
STU_0679,74.39883964697499,87.98810577977765,47.214269263862946,62.03289362091369,81.62862987796089,81.89131850974644,66.1659637446911,82.80562160036436,77.07039554913572,73.46622639926976,54.61627365663573,62.41608076766546,82.9901397815145,70.14420620555809,74.72186754258166,51.75874190703848,51,Pendidikan Musik
STU_0680,76.0616677936091,80.17415121587558,61.681101393511724,83.79618880372861,99.74018085246493,66.25692833440672,56.92140456548297,71.81275851593199,59.77901161405581,72.91371034322971,31.278610030649293,49.942204034003645,80.26638265100117,92.05788717323038,51.52229399081044,70.38717772925503,22,Pendidikan Bahasa Inggris
STU_0681,89.39009853402553,96.53322116855368,99.57331307828842,57.01991170968459,71.32464757230176,88.49265874440964,60.94154056369232,52.57610520905106,78.39537961478872,77.13854179942173,43.24343247975438,67.42222004105581,64.25503869186684,100.0,76.1767500520426,59.394385022148185,20,Pendidikan Agama Islam
STU_0682,64.77892848955521,79.37806723667741,93.5223202211859,67.43660862415265,53.82429694991038,81.55016983443711,87.9156025812631,53.83100055821127,57.6038181849264,71.09342363114659,36.89290287471957,58.78314617117995,33.02408744348116,61.613115101313845,98.13034048964491,97.63151142457345,4,Akuntansi
STU_0683,79.1925890944355,81.96519151426799,67.82449462707366,63.05298102900369,74.12144087854917,72.0637757814298,91.20969730680433,80.63488174209326,74.16201283046304,76.02522942268004,17.265026194332364,63.07953591704786,58.90582134789541,93.19501357193204,38.01804158600413,61.49884407572365,39,Pendidikan Sejarah
STU_0684,70.22476142025133,56.28772763101993,59.01058772672877,100.0,73.87929348169844,70.9805087780796,84.67546456042982,89.898902494455,100.0,78.32858289918477,59.210895902666984,46.61161886884701,93.6902265750073,54.242135380506554,33.46405401912257,35.86053183285875,5,Animasi
STU_0685,100.0,91.68155257584823,73.1611794856445,72.37008639958307,85.86427494953837,86.4473752302743,63.56060969402998,78.86800225786313,66.26439060319306,79.80194124399719,30.721422782010343,72.51686626800534,70.2848653529103,79.72689849056424,62.71776393002483,68.62530497905635,29,Pendidikan Guru Pendidikan Anak Usia Dini
STU_0686,62.09107340356751,62.4464690351773,45.880707037313016,75.96862356819534,86.53523283243645,75.15687566573303,100.0,92.40928930192851,67.72664248293918,74.24610148081004,51.82639737579296,92.98263562803938,47.88429820851994,70.59997159513033,72.15610354008444,67.10703741604061,26,Pendidikan Ekonomi
STU_0687,63.1204200563633,73.16535066561472,53.96919369036222,79.20914070134342,58.38654849072461,72.38196667360451,71.16316377069276,78.65158464581523,66.26092715436748,68.47869953876537,34.48310325924353,50.93094046567808,91.1521112159646,62.424894073935754,69.94957701530613,70.464348278157,5,Animasi
STU_0688,79.40986623122602,85.60070725856684,71.05827863431605,67.77711230075037,73.8683310694188,86.06266139169571,89.27742027298018,62.126484619109306,58.091639940916444,74.8080557465533,42.85633162767221,76.56843780709083,43.89279177879031,46.06365802916498,75.74140559199357,48.20676222430265,8,Ekonomi Pembangunan
STU_0689,66.80148741675931,77.49268302634985,92.27067473713616,86.61814695688436,60.797868344281326,65.10803715170677,67.02378974963652,67.24468191539951,48.56675855073254,70.21379198320959,35.704397334959225,74.18720592821337,55.33428257448752,92.60376356885665,72.8009855332877,62.51396179164671,42,Pendidikan Sosiologi
STU_0690,65.29958290749832,73.52151100235064,91.96812463358546,83.1319899390724,41.367143778636176,72.20407568969425,82.14475702104477,64.60052237311159,61.71622702442109,70.6615482632683,54.48051844955664,59.861536726510394,43.93394419095595,86.48624227218765,77.54403737898632,57.684462718239146,1,Administrasi Pendidikan
STU_0691,91.497578305021,73.54767453518181,67.05903054509827,84.10048143254724,83.30914284936375,76.41966696705602,80.75888617356516,77.4584797340948,69.43450778334656,78.1761609250305,53.872231444875155,57.29074687661971,41.60538604176635,60.232757167618885,97.04294308993276,65.89710599708691,17,Manajemen Perdagangan
STU_0692,72.50170885720593,78.29901194653912,59.070517437537546,62.02030919756781,61.784392725142865,100.0,73.8461427241522,74.13723781697631,72.91565789827217,72.73055317815488,64.50226871482928,76.73486723019,43.30250946882592,53.792697110983895,42.70618001181474,62.62079574492927,9,Geografi
STU_0693,66.38854381277768,98.08197857277416,65.03248929959798,84.00025656995425,73.35320236948229,78.36767812205892,78.84478633607705,71.78161045664926,68.54924409259678,76.0444210702187,76.25237387937038,81.95426578140801,41.282403985644905,66.43807298157253,88.38246166455095,69.54320743799177,9,Geografi
STU_0694,65.42670064633081,83.94272707760118,66.79257776372326,83.7665822582725,90.15249143047978,78.55071539677702,90.72588745550533,66.17900958189253,100.0,80.61518795673139,24.19799098524204,78.24192994543407,55.22007584542046,55.091324181003195,77.91819534525479,46.596709390771636,55,Psikologi
STU_0695,61.18877546673188,73.92216845817002,100.0,79.20464940237339,80.40834708894882,94.38514281831476,78.26292405728975,56.74571974182127,44.01887474875758,74.23740019804525,75.76696601474595,62.97629660022641,31.39163959341749,71.88969754418632,74.1705896428753,63.32951883908096,15,Manajemen
STU_0696,75.22797118456779,79.78228390196485,78.53080541183259,89.16053921010429,91.8203370571601,32.862824935019795,76.19540768273097,67.31559183822199,73.05769721812604,73.77260649330316,70.35057379599805,89.53065679405492,37.815514826972134,76.96892589797514,60.91834826187854,53.37996964095729,62,Teknik Geologi
STU_0697,68.17769140286545,60.327651307372115,92.72832273352027,92.81544362823293,92.69651486241906,66.72361759469727,70.14455724410915,73.99517016615141,47.600890513633786,73.91220660588904,59.14501559260367,89.31709712442637,59.34333215723562,56.84828580663311,41.618839921703234,46.69631958086118,62,Teknik Geologi
STU_0698,91.55287885876257,63.64747984404747,82.07559175008456,66.29665385497165,80.59145773519339,84.58222028513171,37.32645821557969,66.60180652206923,68.38115213944988,71.22841102281001,82.22718314529502,85.61006231931808,42.51975136909339,56.667521873538476,43.21399659418083,60.15805047124846,66,Teknik Pertambangan
STU_0699,79.49251346761116,95.77544164477287,73.46751427396613,52.16447060871134,75.47753501572481,80.93876762055275,67.15714096588398,84.8827060425291,68.32334733809138,75.29771521976039,24.017042675306968,65.69557031059213,96.65566449758168,50.51298588916039,79.15770760851588,61.069774042797306,41,Pendidikan Seni Rupa
STU_0700,97.85345507562991,65.9380273605588,84.4223181971038,77.61268467405438,83.32756165102343,42.02046861575608,73.70665103574257,80.94477034232501,57.881491514906344,73.74526982967782,96.88680192931348,77.19308614422992,44.69578773902606,48.24714174808429,68.85463622535191,75.42382689514665,48,Pendidikan Teknik Mesin
STU_0701,66.26815411460399,69.40236679648218,100.0,100.0,84.15752583650914,74.0466713700274,79.66839819997568,96.60702485014946,65.52448623900924,81.74162526741745,82.81045864734728,66.67707777893318,40.31700913213089,42.72570838344071,65.6472808767695,78.0033479636399,59,Teknik Elektro
STU_0702,81.89188472967767,93.16826609591732,81.72055046589485,64.2344128053484,51.336483992189834,61.503358585374656,76.95185285406204,66.48074219838968,76.72954788387062,72.6685666234139,30.452557214255634,43.531851313982706,67.08541388094848,100.0,66.07511882963456,76.42460762224133,38,Pendidikan Pancasila Dan Kewarganegaraan
STU_0703,75.635770909658,89.69104210378313,71.060325318081,90.95144162868797,74.2277603680559,82.87849641132837,97.11126533121148,72.82577723839076,88.62532729945569,82.55635628985026,72.89812547953656,72.27206895222797,53.688681891795994,27.487631089800566,38.15327978319815,70.40382592136869,67,Teknik Sipil
STU_0704,61.02146108590095,93.82111779079801,56.83777351867434,100.0,61.06544036871055,64.08019215095686,86.95652799427864,82.14208987307049,96.98151540432303,78.10067979852367,37.6368171391439,48.80289759467296,52.626166396548875,68.55197874389404,77.06302353982316,70.35897048102602,54,Perpustakaan Dan Ilmu Informasi
STU_0705,49.030054134687276,60.40350829264929,95.21926609173003,72.30229587954406,63.42029908608108,75.34777330057908,91.02101965486476,53.854247412485726,59.2774707050818,68.87510383974478,52.70386660881089,81.17140502962769,40.76922290701557,65.47295785477085,100.0,53.48849721077666,17,Manajemen Perdagangan
STU_0706,61.84468652121769,75.7780884979359,69.41173113727699,91.85184176635761,52.72798124816071,98.7505449116471,69.48590935303795,87.95275141352553,87.48529531994724,77.25431446323408,38.892290831652126,35.27445035707976,84.83167948390404,53.739240418612255,79.10896296921987,46.412650445461246,43,Pendidikan Tata Rias Dan Kecantikan
STU_0707,61.49896885853517,90.35357834735488,77.16599885830234,75.79872485750438,79.83331537432679,100.0,95.90005585934766,59.38730994657337,38.86144142843891,75.42215483670927,34.67154639739259,70.930884420405,49.11218262156477,65.08815742495977,70.31506184012477,45.269926576451795,15,Manajemen
STU_0708,62.815204885641236,70.8445247132332,90.00052424156279,81.24819072166113,64.66501330453565,89.29588723633591,79.93763841305811,78.49317088830935,66.79094691826315,76.01012236917784,73.31537110920124,82.00368768605075,69.48989499129445,76.163526971728,64.80909091452305,84.9407012868949,38,Pendidikan Pancasila Dan Kewarganegaraan
STU_0709,75.85824374146156,63.25529933738112,81.54694350779364,79.74231286035099,94.22506551332046,82.31370559117498,72.1968347509339,82.98121683232034,20.378765927997854,72.49982089585941,46.415863243460905,73.50737999348063,39.373645080254796,65.64094714587725,87.33300665373372,72.23837358348536,17,Manajemen Perdagangan
STU_0710,82.8282238614521,81.4640309676522,79.4270680506896,60.67789892928283,100.0,82.14811553256341,92.53269555407658,69.82584991112378,62.8682689565536,79.08579464037713,46.191818534664556,59.39368189990908,91.08813268708607,60.349826231249686,100.0,63.315970116012664,43,Pendidikan Tata Rias Dan Kecantikan
STU_0711,88.02971873587283,76.10839612011058,72.88928721380404,62.696000356773425,66.5859092415355,83.99607169828703,64.23766641975206,75.51440641373742,79.96137295940973,74.44653657325361,45.32399071300064,21.79209492877122,97.57780327383585,100.0,56.86789530993224,70.11311632676528,56,Sastra Indonesia
STU_0712,79.35433039865949,32.12434914506869,90.79262733828057,77.9525605075497,94.40691442907831,74.6234271683223,70.62469296120908,59.056895484370116,45.788228870651125,69.41378070035438,86.54619545627096,71.14070904344898,35.77145588079951,33.43564278422467,44.33994417195454,53.3997066118317,48,Pendidikan Teknik Mesin
STU_0713,74.34398599493213,83.06651168828911,31.05893422614399,70.07807892842419,65.10592051863779,74.36741313468721,75.91434897976221,68.54185912419553,71.32819887209186,68.20058349635157,64.84843752276319,61.907305260964456,60.40025492745846,73.75694526423523,69.6864833186238,93.15247804688946,10,Ilmu Administrasi Negara
STU_0714,98.53955367957815,67.545731115779,90.00000665831661,93.77026833030328,90.37201236235947,76.94269842464351,59.40501813753232,81.97269373538714,69.29832891213877,80.87181237289313,33.59208246458053,100.0,41.96733933469631,66.98895929192136,62.25175526177151,67.9018095639532,58,Statistika
STU_0715,71.99319293390921,69.49225141689284,66.97145797897927,63.78788131613291,66.66814003954664,58.24465293533772,65.79086703657791,100.0,84.29917201097916,71.9164017409284,100.0,75.13643890558193,40.11387871575422,28.235340982198302,80.6238534877115,60.96146094549067,67,Teknik Sipil
STU_0716,89.22809255100888,56.189302698354915,58.2800276525338,58.17677249047127,56.130950069866365,85.85926609332407,87.55961514981941,50.48710357122802,65.36325697749871,67.47493191712283,66.11085012073262,60.636489411245364,62.63000058957603,82.63860356592166,80.44637836323521,62.41282698392192,19,Pariwisata
STU_0717,89.33539245932798,83.65279387714027,83.42644376519723,52.20025334926159,68.56556437038296,75.40570491316186,82.91074835405797,100.0,86.02941482892928,80.16959065749545,56.98527562631821,74.19546450906438,74.27929976406568,92.60318850459561,78.7551979429178,71.88896168882049,20,Pendidikan Agama Islam
STU_0718,72.57233744830353,74.4359462250023,88.54778889581564,59.30406777259984,98.68916018425313,42.96064205083297,81.97061320677852,76.73794535600791,60.73567658346192,72.88379752478397,60.279839670743655,89.97234501014546,53.70900340945349,72.0149160971191,69.52559351411838,79.66992652509728,53,Penginderaan Jauh Dan Sistem Informasi Geografis
STU_0719,100.0,81.70435504921177,68.74670641711748,64.78343017682597,62.79756575210433,78.36168793578213,76.45576512407635,72.51961026367785,82.26847753480098,76.40417758373297,46.09134187531897,63.20471470734475,67.90034593821505,43.30656942867645,72.75487169289104,36.30763641835847,7,Desain Komunikasi Visual
STU_0720,62.423247064583464,82.39132047829706,100.0,75.10088779120024,76.25550760138475,100.0,68.2825073873654,70.68756634703757,27.689917593509755,73.64788380704204,100.0,68.3196543735087,33.87562062086237,21.990457188274426,80.21114316702123,65.83204170166985,64,Teknik Mesin
STU_0721,57.573629232187955,66.92425064752098,79.85010232839072,88.3203177227993,96.82074815289481,64.64733411476465,100.0,69.6853450650101,63.44725467405703,76.36322021529173,90.9606791785446,74.35101498763801,63.633344575983756,41.185594179823624,39.66042383381598,51.19559963163961,66,Teknik Pertambangan
STU_0722,86.23634467020361,85.63573399229261,85.23821776323608,76.65799942985953,85.07645174842457,82.67496226985737,72.4579550369899,100.0,79.8399021511471,83.75750745133453,19.670984622411382,56.2074585545222,78.59443308464054,100.0,41.96629636758223,64.97358813269788,23,Pendidikan Bahasa Indonesia
STU_0723,69.77190739847181,59.97047988818956,79.61014945933323,67.03679528263169,88.18074184631215,74.13764205746189,59.21134869824526,95.28896134423863,56.96637684092722,72.24160031286793,64.98794176100805,76.70734747127325,31.420202413481235,25.359674806811675,54.54238517410432,62.47358071576409,45,Pendidikan Teknik Elektro
STU_0724,75.89238224675202,65.15850007700537,89.70972558468615,77.99446578120804,77.39411050472796,58.94655167276805,76.80986364588993,61.006773389142154,79.70137109569596,73.6237493330973,100.0,84.89570344319654,39.898703141794016,33.991677716291754,52.94138033142059,72.15841197790081,48,Pendidikan Teknik Mesin
STU_0725,90.57911651950766,32.47144412296631,100.0,79.18372531154147,87.73832127861864,47.9929163170693,77.38205886372258,68.76520195522706,42.89673244727627,69.66772409065882,79.75967363787771,57.36448738624184,36.750880265953455,19.85532685181768,72.92992573375398,59.48534822007057,44,Pendidikan Teknik Bangunan
STU_0726,85.31411875454928,99.9247435918748,83.26557504029337,61.61419574588135,64.27343204988935,85.0612341628837,80.68758064514947,71.0718958115,69.90006829420793,77.90142712180324,25.508003765176785,43.02103084127339,74.73366774471252,33.24726441912229,57.609600685487074,74.29507014318408,7,Desain Komunikasi Visual
STU_0727,56.865865521418,62.61475306963593,99.24082369878596,66.54724662391475,78.56841614469397,39.39431200572143,89.08708690102982,65.86254810986917,67.61856747275385,69.5332910608692,82.1385316669734,63.81175047810813,44.16963672679477,33.309413964147446,61.716457306407754,82.12768133391042,48,Pendidikan Teknik Mesin
STU_0728,79.6246269815268,84.97703528814786,57.64213914955485,63.47482483055491,59.555619028857905,85.25165768007572,93.30291536381925,89.94191105054726,93.47149047045208,78.58246887150408,43.11176389092752,52.36643083186283,62.17006684105125,84.27395825683148,59.34020409246761,64.01472589200185,22,Pendidikan Bahasa Inggris
STU_0729,77.93640511754049,100.0,79.95730950471331,100.0,90.19354442668123,78.64174419784904,74.77728120356798,98.2958829244186,54.878753227645944,83.85343562249074,70.75861165500157,82.45661284811273,40.82392143300165,25.77887982168794,59.83926732893043,71.12384494933016,59,Teknik Elektro
STU_0730,70.62774254543147,76.67917758184453,63.8665975327906,58.24235501460461,61.098335126791326,87.80381191984834,98.80790608013015,79.67386417912317,65.11715020150798,73.5463266868969,45.96664286132042,69.56975836342116,49.559891159383795,74.93897656374278,85.02295199523772,42.12136187779036,12,Ilmu Komunikasi
STU_0731,82.51118515167482,89.43841868034293,81.58584209976566,100.0,88.0293585755753,78.70567478513887,72.60530229226309,90.14759393647202,63.57638020066459,82.95552841354416,32.43721511624273,71.15429945558435,46.65613141449778,61.74122287802757,78.68593067638392,72.24409265769664,13,Informatika
STU_0732,77.21993091260154,81.22707790919154,43.45787831864526,46.138516972039284,62.89995986356821,78.35553303507079,84.73306254733873,71.40085780144551,82.29160528270843,69.74715807140103,17.192251286390988,63.85653435269886,61.59118447803206,85.17947368998425,54.81657804100878,36.2006971537635,22,Pendidikan Bahasa Inggris
STU_0733,55.840564250992614,85.33717122484278,93.28444032994621,81.19980268177697,81.33073979291245,63.33005432246077,85.03632721519999,83.20647796092982,79.45350927871102,78.66878745086363,85.92859932200867,67.41982859813223,25.55592664160127,38.24418379016619,48.94833122306932,63.73801119107384,65,Teknik Otomotif
STU_0734,61.058984397883066,100.0,100.0,90.12575769600315,94.54133942297773,40.447972035338125,100.0,63.73699542919314,58.07204137761025,78.66478781766727,70.89730712501432,77.72811944698105,18.686697117234306,31.309071325235074,43.3869719254348,71.77397844856996,63,Teknik Listrik
STU_0735,94.29930882235428,54.422030381024925,86.13790691186463,53.93396893388723,100.0,100.0,69.48170225542714,79.10698373026712,85.90320935825751,80.36501226589809,77.01125970237034,77.10317685277862,44.61740527488747,73.03241210739769,74.56406408869651,100.0,11,Ilmu Hukum
STU_0736,80.1819154509631,79.0166411936928,88.96009815995833,66.39945525999015,32.948652621429176,81.13222777130386,89.98229593321211,74.12604230372831,70.08551338627811,73.64809356450623,42.515688642078814,58.0876309608567,49.02863299191516,99.8331041346144,69.53254549015278,68.70562001808464,18,Manajemen Perhotelan
STU_0737,67.92456884927417,47.82514378853362,87.16894691583394,100.0,98.85248237884556,65.79918065847305,57.55805509150583,84.6384139772632,59.75415283765214,74.39121605526461,92.98309316202844,93.81651601087594,30.70972298030151,30.228190229654725,63.62315827900045,63.081705609971145,61,Teknik Elektronika
STU_0738,96.8411139471558,71.62701293291182,59.43194386893489,68.65987152343108,93.68703394389856,86.7671330370536,63.80676384036815,83.97574159118496,64.85212957080432,76.62763825063813,40.6118959832807,48.1702963797177,53.34106709434598,46.33275703761281,63.24558223653213,100.0,4,Akuntansi
STU_0739,51.026212929335784,70.09975151317958,70.42327129282462,100.0,67.38476887887751,55.99737052003844,72.2338121417457,67.88813887085902,48.43781815004121,67.05457158854466,51.21707557087589,75.95550826165905,60.113288361188324,58.53528463584271,43.82887331814703,49.7994144034861,31,Pendidikan Ilmu Pengetahuan Alam
STU_0740,73.59219579972796,99.46388484848339,68.05291900199072,65.51445067586411,52.13698595294577,77.46787679661124,100.0,76.62548975587293,77.17961537988981,76.6703798012651,38.50486592605678,88.90709579387523,17.268444092210974,51.90493346395167,44.53878888313439,79.7218081104128,36,Pendidikan Matematika
STU_0741,64.49913953430183,85.8661246014274,85.28231761797336,76.73752151373121,99.42775266667552,62.86068305228431,84.82736648157905,84.82900098471819,62.81682539540344,78.5718590942327,61.14212558728461,76.89038975885805,25.006282137497188,42.16517617785861,71.11251326732913,69.29091068995162,66,Teknik Pertambangan
STU_0742,59.0444673668334,62.7153151716834,69.66313401510313,60.33724361780678,63.24874674452953,78.05525991326121,79.61124657910523,89.18098526691301,63.33517304570168,69.46573019121527,28.24568020744937,55.91904368505616,57.06734789025309,77.74027427379905,62.09421679574886,79.03383868986216,54,Perpustakaan Dan Ilmu Informasi
STU_0743,67.95599618312099,92.53953625489285,64.47244501086942,61.97867333435751,67.85576782454535,89.76206247581568,69.43650129236869,66.46083004614651,84.00671606277177,73.82983649832097,29.13961700435465,51.206329244324124,62.64589442304248,88.00475519555275,56.03570440107751,84.72796756062122,21,Pendidikan Bahasa Dan Sastra Indonesia
STU_0744,83.83929189879517,90.730660663321,79.13476669738652,71.70258578196459,22.490159567820967,85.2977436157948,60.13232767795901,83.40216212076572,95.69396841084617,74.71374071496155,14.62185404749691,40.293583333421175,66.61761707948244,84.77994320039548,58.59107639586156,68.69660014073989,56,Sastra Indonesia
STU_0745,92.39925703732155,93.76931001326963,81.4697219219714,75.62224366155323,79.85882493059042,56.7558818651536,75.26018059287712,50.098407306905145,77.52174940480025,75.86173074827137,46.557420678056545,94.37486070941642,30.388518686875152,64.07148779026929,74.6197542920533,71.29733693238957,34,Pendidikan Kimia
STU_0746,62.69236366956038,77.67295336310684,88.80336826917812,75.30103756891792,96.3960008354004,50.58417141869619,97.82094965345519,65.99082694735937,63.6738329427071,75.43727829648684,77.00741720649428,87.53499421250463,47.11644728715698,37.357830065032104,71.480516702552,55.78711530475591,66,Teknik Pertambangan
STU_0747,96.48436585485894,74.24427664700323,94.52096624469745,66.27654806734651,47.87255691210575,66.11630229791928,98.48091125858184,55.61596099305085,73.99329794704093,74.84502069140052,47.12758290111214,88.33957768969262,94.24639280721439,78.15257647614287,51.38768581620016,88.06235198654848,68,Teknologi Kosmetik
STU_0748,86.38588527395414,92.97962515961407,74.29603606655998,96.51785643379455,66.5565974049442,92.14283976101375,93.74560383871209,52.255250114369844,74.77158149800213,81.07236395010719,50.409726720082546,95.05020635332393,71.45820866493781,67.80277811339455,68.22504861679197,69.49889893549974,8,Ekonomi Pembangunan
STU_0749,94.69083716772523,64.5603945086374,69.55029323425006,83.81176548467461,87.0975385101509,66.68339694215126,77.46133809424967,93.3413893574142,75.32755488534487,79.1693897982887,75.84353218246677,85.07951704493307,23.17374117315496,35.989596724365796,49.60274629896952,80.4546728265505,46,Pendidikan Teknik Elektronika
STU_0750,89.41949331569899,90.41497906218942,50.21524450051757,67.5351659387067,66.46583199109273,100.0,69.26755855348777,86.93604640134495,91.71686872454003,79.10790983195312,41.37722383924381,58.39125014460543,71.93794287543251,71.38927611857638,54.489580027386964,47.054535845273804,23,Pendidikan Bahasa Indonesia
STU_0751,71.50749122795472,95.56506104864722,89.95574845714026,100.0,86.39868030535095,83.5399354309917,76.54092476007425,61.45567840973444,48.42463121553946,79.2653500950481,62.92948351694869,61.805963191897305,39.87419574981335,62.23486452933653,100.0,75.20274984734242,8,Ekonomi Pembangunan
STU_0752,85.8952625076713,72.43164055631215,71.10160511227795,71.46869576877883,63.99470236422611,71.32115578363327,100.0,63.13517611095373,70.09881132568967,74.38300550328256,49.08978749967264,66.0001442117011,50.999439332708015,76.02200734040584,65.96434791155636,75.48627530780412,32,Pendidikan Ilmu Pengetahuan Sosial
STU_0753,80.64630158322336,67.1804994584226,55.05489546741751,69.46017095713653,74.00368635420571,86.3852728610472,69.46607840721899,71.6196640058274,64.04683875116706,70.87371198285183,37.44851019331296,61.83467119920771,85.27933857811288,65.91322284190052,65.45490725273274,85.35966044000186,18,Manajemen Perhotelan
STU_0754,86.93353660050106,81.46702256474039,69.03682653603632,84.00369666048908,78.32676213346004,77.74124447837617,68.04798941787662,68.54061034456014,75.03441710574376,76.57023398242039,47.757326696758106,53.38011726427526,51.38833034867351,71.75489724877221,73.11514776038744,84.28652608131387,29,Pendidikan Guru Pendidikan Anak Usia Dini
STU_0755,88.44130450990517,73.94119917339033,74.67839723438118,78.47453013267861,92.48373604046093,91.98060242818086,54.39094146424579,63.634038717095336,59.24484527534938,75.25217721952085,31.084072454106106,65.34958950450715,82.55659455553644,55.29466412409454,81.9940707495962,80.4803407795392,68,Teknologi Kosmetik
STU_0756,87.63672586390534,55.71494262262526,79.83729548284302,62.53391327127596,41.1169542294018,47.53716792682236,94.02499750519345,55.135002383809486,84.35627383985941,67.54369701397069,48.72127573943423,64.11547520946367,62.23569039641612,85.24148683594849,62.2354353520921,51.52163431592264,12,Ilmu Komunikasi
STU_0757,68.87529865903315,64.33044607387885,89.52097624321858,98.07116028800078,70.5025996076304,68.50643775446528,72.4623119760158,48.74138046424258,47.800548288316605,69.867906594978,66.97513777597034,100.0,26.427035579459307,46.66809045607585,71.8052810175799,64.03492100172815,45,Pendidikan Teknik Elektro
STU_0758,79.69022135954853,84.88759653552069,73.15235570589931,33.632930794106514,80.51048699409152,73.37112333627798,82.43005611922754,56.67155500041676,72.24747374710307,70.73264439913243,31.809506719748406,70.42924446429132,48.04807825735347,83.393174798571,48.34623787046357,86.61208530249846,39,Pendidikan Sejarah
STU_0759,76.54365152263941,64.94074181210772,91.76059588644942,75.72271101182291,70.84379621616199,71.45641059953599,89.34873274263173,71.58979324811133,88.4115666538945,77.84644441037278,65.65106239791155,84.76899679855767,28.748811676618597,44.50228020330752,58.71396407467481,76.3609823783779,36,Pendidikan Matematika
STU_0760,83.85692583023875,65.9310694910307,70.13910857261574,54.98510371836187,66.06740654806185,93.4089157038712,62.57661287930084,88.39034689956898,49.91695149929572,70.58582679359395,34.34110355972157,91.75477107917418,74.90618944432283,100.0,70.09476142673111,78.02187617594441,35,Pendidikan Luar Biasa
STU_0761,100.0,62.38982483868774,77.00322317716996,73.12772971486442,69.15384967037572,74.45943655386706,47.46135518118838,91.71019927700377,51.24509382122419,71.83896802604235,80.97276131470791,78.64785371596803,46.63531298496987,48.95570991483248,58.22821033325849,79.52933296188193,46,Pendidikan Teknik Elektronika
STU_0762,85.52820580332137,97.05514952364362,85.0179240393039,86.51601422919684,74.93337305090562,95.17531423930626,74.44500344616408,88.05546776182979,84.65749798471076,85.70932778648691,66.30449358612991,85.81715351748292,37.15438108375915,73.9229303708701,83.78310604333764,73.82398839859992,17,Manajemen Perdagangan
STU_0763,77.04074067006982,58.40475954602158,79.62627537664152,70.68335419647819,71.42098638561524,46.39555533720996,50.885089758155615,74.64060518699078,31.74096403954997,62.315370055192524,84.49618956952042,72.20396476094243,42.27660448164171,29.413352135755613,67.66129984857903,47.68522946796491,63,Teknik Listrik
STU_0764,79.51773446676849,100.0,91.04236901320819,68.9169398416355,69.71938757084467,86.31268871171505,87.98428145173945,76.35366809216924,96.42985863428255,84.03076975359592,48.58572428571061,74.11250599267342,25.549382372441343,66.64700307160139,80.07004351791045,87.09986442584075,4,Akuntansi
STU_0765,92.06726162896534,47.73926661119807,84.23393131879723,55.650959019738785,73.89842022148075,71.94780129792622,84.60257595726033,77.96643475649242,92.83164043056505,75.65981013804713,60.31341187018673,79.30560608942791,45.342978235370346,83.69953948126937,64.48469291842564,66.24614995953935,9,Geografi
STU_0766,73.32499176119286,80.59683771952841,100.0,66.77957335745373,63.090116373914064,87.40913604831843,89.16071695498364,69.06981148275923,84.03089729245724,79.27356455451195,27.77723406880864,35.37651675914137,53.976602497723604,83.20146359773398,73.34750939870074,75.56467669068537,23,Pendidikan Bahasa Indonesia
STU_0767,51.08986304354271,60.61618130245468,77.91986761846903,93.68006100751971,87.99966496507348,95.52125004218965,78.70116403344082,72.28065435192856,85.80629344206137,78.17944442296444,30.65869727687753,68.30681862561909,52.33897578391108,65.22535727371786,58.452092081462816,85.22747627343375,33,Pendidikan Keagamaan Islam
STU_0768,66.94327951960797,72.55064882349896,80.51419488179914,65.02566711777554,65.96798653813877,96.55939966210667,72.84773124200976,60.38696677210884,99.27686691915548,75.56363794180012,39.20759264195293,71.56591623658443,34.265745997797765,59.55295207795699,76.00352472503447,80.92316726246462,26,Pendidikan Ekonomi
STU_0769,87.35317168484637,82.56507674429267,93.37524940212967,75.59689827789283,57.64472200810566,81.05549709122462,79.08921457904407,76.04415444412776,100.0,81.41377602574042,41.272870916642056,73.49349936986022,47.08605475793887,82.04581616836298,60.018903959296054,83.46178390725812,39,Pendidikan Sejarah
STU_0770,75.69031712731125,66.59342909276783,89.57050815229692,73.06789632661585,76.74632434692103,68.69142916041851,76.68178613620594,65.54492271207191,83.1073149395033,75.07710311045695,89.45022271253197,74.35247165437943,28.270040242366697,34.96111881886813,57.67575826377152,50.51922822313918,48,Pendidikan Teknik Mesin
STU_0771,79.6579401482869,88.59143270139349,86.15404681557601,70.72279452873116,86.20923712563516,59.31337113394324,78.4587516880958,74.86721648969463,68.4469899587285,76.93575339889833,90.25745601695657,68.55408645023203,59.357273724837526,43.25470737038987,76.40171360064339,73.8461756803829,44,Pendidikan Teknik Bangunan
STU_0772,85.75282044643006,100.0,75.38509961431588,85.61651742477582,57.0680507834429,73.84672151277708,100.0,67.08409291525585,66.61020539008956,79.04038978745413,20.550623205253835,45.400817540893485,62.33568882872168,78.56592137319201,47.906666516764304,79.91062458011162,57,Sastra Inggris
STU_0773,63.502511757783104,88.69157734925736,72.41743013877513,78.89401027014229,94.63609141183015,53.430830321405686,74.33377905474012,81.60675435798667,48.231618112300175,72.86051141935785,75.62424780527543,86.52608703033142,36.69878528253964,32.928483763898264,66.31831964173352,70.35137332550364,45,Pendidikan Teknik Elektro
STU_0774,84.12802847505397,59.15919158641847,73.691263149254,59.48500127847802,66.8341444719841,80.2635451712613,75.23653034967943,84.416663365755,69.35873639321687,72.50812269345569,49.13026736487158,85.48099779052495,37.95723815075993,66.95250779479473,90.57582894177042,72.12839734092333,8,Ekonomi Pembangunan
STU_0775,86.21248167191469,84.62318137482393,57.85958151624,77.78000977975634,62.511127806273,69.37436337917859,97.46792483771466,69.98396439452424,55.68739863413175,73.50000371050636,47.04185800429191,42.019174554546346,61.52843341883181,100.0,46.28922915533108,87.66844861032843,22,Pendidikan Bahasa Inggris
STU_0776,65.9557204345097,47.72696982860883,78.37922595472077,71.74733086412762,57.36261460963901,78.5193832789722,89.3519139083738,72.19761673555365,77.75433729750763,70.99945699022368,36.77551718500838,36.91693241034383,61.75457755653071,77.74337360037427,77.55470039279002,64.37608281338328,29,Pendidikan Guru Pendidikan Anak Usia Dini
STU_0777,84.4997677812939,74.644556306552,85.0316180793055,79.73220073903151,80.0717213079401,66.75984666796263,72.23472426421142,71.9488070460995,62.434610452537726,75.26198362721493,47.2763898425758,84.69606219207796,24.888317013348598,49.963097278388844,47.65394178781228,79.50061430230342,34,Pendidikan Kimia
STU_0778,77.07333946081889,91.83693107453945,76.47906166104549,60.25879307471182,59.78636756296458,86.18391959104974,88.54252708450976,84.62016278707164,100.0,80.53123358852349,32.54476974939632,45.864381955902125,82.36491798016756,60.65695543825946,77.72877907548667,52.7247566377298,41,Pendidikan Seni Rupa
STU_0779,95.9319218978963,57.05103085759806,74.91004401032495,62.22151720658612,86.47028989427253,81.61307209263532,100.0,72.34932049016832,91.75618682320686,80.25593147474316,46.09896193190205,70.32787317614138,65.36374292057005,89.58515142620813,37.32150778507106,43.17217804314385,21,Pendidikan Bahasa Dan Sastra Indonesia
STU_0780,81.95803819618804,89.24168288359027,49.93001263629359,59.725235269775375,50.607182809780035,69.92924433793799,87.27260200718868,89.61858239617469,50.00945590496549,69.81022627132158,17.021162845952553,65.46288411954055,61.35605996574109,84.59112449836867,47.890609387012475,74.31232195626123,56,Sastra Indonesia
STU_0781,82.09747244160042,59.65206394249753,81.20612434477849,39.42864145242409,61.664900700164196,100.0,80.58880085586028,88.99656746237946,82.16183932105417,75.08849005786207,59.92143133072449,79.57326728620338,47.042089112411404,61.5857440228898,59.91112269182983,80.70368248835682,39,Pendidikan Sejarah
STU_0782,80.88016499295732,81.13992874940354,83.85903198992827,78.43746768856873,88.40801016128022,64.64380006584342,74.51082003165209,56.13861791490049,65.19672938407358,74.80161899762307,62.893171346325445,83.10187809271146,37.649507917259726,55.42870442177529,41.83900980800147,37.643242338367415,59,Teknik Elektro
STU_0783,99.1003285463627,93.88063321558654,72.12518774945949,57.5406117978699,70.0115685062771,74.26932831389642,69.19301129004981,80.4785982266632,84.33453559212914,77.88153369314381,51.21713017579084,75.94699459218612,81.56106858959227,80.39892917164323,54.329117431769035,61.5112870332857,41,Pendidikan Seni Rupa
STU_0784,79.13312855657712,66.00208834511106,91.35270958167905,60.686736412191046,94.57982279958846,84.69984267952098,74.82910446737452,66.5806581519646,93.1931195718346,79.00635672953793,58.49412629879529,36.97639090967115,40.90202215167189,86.25242538243302,78.59156764817402,60.37799695696274,18,Manajemen Perhotelan
STU_0785,87.18891047779219,63.17277742299105,64.29126048905196,47.869725861311345,96.25853832734973,66.63799829871964,79.13356261220746,82.85092153928387,95.16895128798035,75.84140514629863,59.084672021833,98.27928332275305,32.59740000210013,48.200976082720366,17.721933569438015,76.24595082039237,36,Pendidikan Matematika
STU_0786,73.15809427770643,80.13059271017727,89.47665275624101,66.10498728304796,69.19246335385988,81.80632652152002,52.747416650775236,81.05269828013758,58.249313166337615,72.435393888867,68.15322671217238,79.39039857880263,48.47701427743828,58.614447471226946,66.13197893647045,69.2729800524565,9,Geografi
STU_0787,78.99597844815924,82.74861267841493,80.12407520756447,64.94429174165327,65.19120550241547,57.28383114396554,64.89903613223066,100.0,62.911949962666576,73.01099786856335,20.679739925092044,58.93111277371549,80.6776548165433,57.02098663366688,73.71134062152034,47.44736099682897,5,Animasi
STU_0788,80.3808661256816,83.47281788206655,66.23047525510844,83.11253348984997,81.13811011900576,92.30742687833867,64.9633205138905,89.16018245860556,74.43049233520179,79.46624722863875,35.67945425067416,76.49324765548022,45.823484403385216,48.80163718789354,84.78281241187749,82.17875763962348,26,Pendidikan Ekonomi
STU_0789,67.84190450675744,93.63256941814942,88.70216669707297,85.80683403206136,74.63344439903946,82.66207588631319,64.53242748561257,79.7322994587052,75.6013277997852,79.23833885372187,9.021370293055327,35.68272759597534,59.98016696070248,81.55444172524155,61.643301401617244,58.22357175202466,6,Bahasa Dan Sastra Inggris
STU_0790,75.8440973237741,82.74495081991259,80.53561386704871,53.858564036525834,91.45877206435128,97.42296214883169,74.57653511323993,100.0,62.38629727137035,79.8697547383394,37.36072039255798,81.79428553033019,41.7232719198667,42.42988301210872,42.787025115648746,55.25332032601671,36,Pendidikan Matematika
STU_0791,66.13996900189875,61.26759540320299,74.06098569284065,90.38269267698786,73.9294278168706,70.23815699843996,56.16700590941183,82.17761960148796,63.07433551699921,70.82642095757109,91.03113310017551,88.95027821718293,37.7846680667554,41.107444912704764,66.12882659528728,52.784606646378194,3,Agroteknologi
STU_0792,70.86445548584675,63.193268931253876,70.29073442061242,79.0872413984013,99.94152892194938,77.97009456387453,74.04275527242709,65.08302992533343,79.85631661732421,75.59215839300255,76.41021142989716,77.69300644594055,30.09488453728738,33.578998556510285,67.75338802249856,69.05580839759855,60,Teknik Elektro Industri
STU_0793,88.42520727810897,70.01225820736869,70.0528759545718,87.54505177433415,100.0,50.177432566498894,67.05703281344904,66.7924654509498,49.67652936429881,72.19320593439781,91.76047650117859,66.36255630780934,37.6795162879384,22.9018702473822,57.05321682319213,38.833438130102095,65,Teknik Otomotif
STU_0794,68.34411284143044,74.36259448040762,80.79205790198043,69.26046633443396,69.82710311125659,67.40745723727646,91.5376454290874,75.33192768603999,65.88723275778854,73.63895530885571,39.49325479480085,46.09338813271712,59.615663597949315,86.83952802257231,78.49929425143374,60.2155650502893,18,Manajemen Perhotelan
STU_0795,74.33717705733989,50.763681610293766,98.97896536733326,70.05612425058825,96.35778537359337,78.06258201983024,54.67860998078882,89.6673640977917,54.66862952616125,74.17454658708006,92.71502129819397,100.0,45.327617255981345,8.67934629904638,42.40276996867359,52.89637843577134,61,Teknik Elektronika
STU_0796,71.94293593460479,70.0852888648867,55.38631139433612,63.273964172878905,86.22833263615782,87.18750762324078,54.82053200686595,81.13767709310702,53.41597672196996,69.2753918275609,37.88761210835651,59.8610909104658,46.53213661096453,87.68922948874791,75.19411757247704,64.32628801596755,38,Pendidikan Pancasila Dan Kewarganegaraan
STU_0797,70.23267030851157,72.83763214490467,92.30047878366553,82.7473535239344,74.36925498535385,92.95234249257182,55.38737110575374,77.34096353425211,71.27853333310574,76.60517780133927,50.24016566001933,79.04373137960157,59.40392569072049,75.30803511971436,95.02590844359332,78.52437264038757,26,Pendidikan Ekonomi
STU_0798,78.16267032836377,77.0975576708272,100.0,65.3336734328559,65.89412751402092,87.15881597240016,70.51403410246553,95.8498084841984,88.00695291086784,80.8908489351111,100.0,80.27371439915791,30.431589386799345,58.28561427317971,50.147616720627965,76.40038755400418,3,Agroteknologi
STU_0799,92.06346008556534,49.93876628205496,100.0,100.0,79.45189015842503,54.57672789517436,68.34841052904616,61.97359616358429,65.51642512724526,74.65214180456616,47.41490058292578,71.56467826966878,37.58686127210096,28.969262994698116,50.12437906394431,66.28681133036685,61,Teknik Elektronika
STU_0800,54.239249318271064,89.6201202577575,89.20328887651769,77.0889114756335,100.0,88.17027759845922,81.11863332793286,79.62503892136776,74.24591435795539,81.47904823709945,60.70014700422199,99.3698624804581,39.522052685950854,28.45844964056158,66.62690280729777,86.31262267876893,34,Pendidikan Kimia
